"","ID","EMPLOYER","VEHPERDR","VEHPERWK","COMMTIME","NORMHOUR","SPEED","OVERTIME","CSO9FT4","CSO9FT3","CSO9FT5","CSO9FT6","CSO9FT9","CSO9FT1","CSO9FT2","CSO9FT8","CSO9FT7","EFACT1","EFACT3","EFACT9","EFACT7","EFACT2","EFACT5","EFACT6","EFACT4","C1CONT","JOBCONST","MANCONST","SELFDRIV","TECHCONS","C1CONTC","C1CONTH","C2CONT","C2CONTC","C2CONTH","CHILD616","CH616F","CHILDLT6","CHILDINH","C3H17M","FEMALE","JOBHOME","LD","MANDPRV","NOSPACE","PCNAV","SUPERVIS","UNAWARE","TSUPNO","F1NVEH","F2HWPLDI","F3HWPLMI","F4WPLHMI","F8AGEGR","F9HHSIZ","F10LT2","F10B6_15","F10B2_5","F11","F12FTWKE","F12PTWKE","F13DRLIC","F14HHLIC","F15EDUC","F16INCOM","DISTANCE","F7SEX","B4OCCUP"
"1",2,2,1,1,25,80,33.6,0,-0.71239,-0.89091,-0.85931,-0.95245,-2.09446,-1.73836,-0.82372,-1.53647,-1.43957,0.29382,-0.17029,-0.81187,0.37999,0.34558,0.28513,0.29087,-0.30649,1,1,0,1,0,0,1,1,0,1,0,0,0,0,0,1,0,5,0,0,0,0,0,0,2,7,10,15,3,2,0,0,0,2,2,0,1,1,3,5,14,1,5
"2",11,2,2,2,30,80,40,0,-0.58271,-0.87939,1.34235,-1.0702,-2.15474,-1.67525,2.46123,0.99113,0.11685,-0.2469,1.69834,-0.92618,-0.25572,0.20874,0.966,1.0409,-0.27537,0,1,1,1,0,0,0,0,0,0,0,0,0,0,0,0,0,7,0,0,0,0,0,0,4,10,15,15,6,2,0,0,0,2,1,1,1,1,3,3,20,2,2
"3",25,2,1,1,25,80,28.8,0,-0.62393,-0.90596,-0.19582,-0.92145,-1.44951,-1.46789,0.30715,0.74006,-0.00121,0.11827,-0.43828,-2.04501,0.03062,1.08815,-1.09699,0.64377,0.22159,0,1,1,1,0,0,0,0,0,0,0,0,0,0,0,0,0,7,0,0,0,1,0,0,2,6,10,15,6,2,0,0,0,2,1,1,1,1,3,4,12,2,2
"4",68,2,1,2,50,80,40.8,0,0.51749,-0.08541,0.04057,-0.00818,-1.06375,-0.33347,0.48583,-0.27048,-0.33557,-0.66382,0.53097,-1.76273,0.1618,0.0964,-0.04587,-0.40252,0.06014,1,1,1,1,0,1,0,1,1,0,0,0,1,1,0,0,0,9,0,0,0,1,0,0,2,17,25,25,3,4,1,0,1,2,1,0,1,1,4,3,34,2,2
"5",87,2,1,2,40,80,45,0,0.30433,0.46428,1.98929,0.54152,-0.34444,-0.12851,1.71947,0.36797,0.81035,-1.61032,0.77048,-1.5753,-1.16802,0.84452,0.23118,-1.05342,-0.7903,0,1,1,1,0,0,0,0,0,0,0,0,0,0,0,0,0,10,0,0,0,0,1,0,2,15,20,20,3,2,0,-1,0,2,1,0,1,1,4,3,30,2,2
"6",100,2,0,0,40,80,30,0,0.87517,0.70611,-2.13899,0.99455,0.06992,0.48163,-2.20221,-2.67822,-2.14101,0.34365,-0.28803,-0.63494,0.59763,-0.60692,0.52347,0.15356,0.23594,0,1,1,1,0,0,0,0,0,0,0,0,0,0,0,0,0,9,0,0,0,0,1,0,0,10,20,20,3,2,0,0,0,2,2,0,1,2,6,4,20,2,1
"7",111,2,1,1,45,80,34.7,0,0.43232,-0.766,1.13822,-0.75507,0.6299,-1.41632,-0.37244,0.02293,0.21175,-0.40106,0.63764,0.67346,-1.11047,0.70293,-0.34178,-0.7533,-0.98232,3,0,0,1,2,2,3,2,2,1,0,0,1,1,1,1,1,7,0,0,1,0,0,0,2,13,25,20,3,3,0,0,1,1,2,0,1,1,3,2,26,1,5
"8",120,2,0.5,0.5,25,80,24,0,-0.07735,-0.0842,1.62369,-0.39852,0.343,-0.44928,-0.58626,-1.03595,-0.00235,-1.46608,0.38931,0.06052,-1.1082,0.52948,-0.54301,-0.3744,0.02744,2,0,0,1,2,2,2,2,2,2,1,1,1,1,1,1,1,4,0,0,0,0,0,0,1,5,10,15,3,4,0,1,1,2,2,0,1,1,3,2,10,1,5
"9",121,2,1,1,14,80,34.3,0,1.09381,-1.52076,2.09438,-0.97651,-0.70537,-0.52614,1.81098,1.42817,0.43465,1.17308,1.37888,-1.06375,0.29833,0.33605,0.42616,0.92887,0.13901,0,1,1,1,0,0,0,0,0,0,1,0,1,1,0,0,0,8,0,0,0,0,0,0,2,4,7,7,3,4,1,1,0,2,2,0,1,1,6,4,8,2,2
"10",151,2,1,1,20,80,30,0,1.63529,0.73013,0.71035,-0.59508,0.65533,1.63097,0.13949,1.22558,0.34326,0.0442,0.15917,-0.85331,-0.00535,0.18945,1.19394,-0.74305,-0.77827,0,1,1,1,0,0,0,0,0,0,0,0,1,1,0,0,0,7,0,0,0,0,0,0,2,5,10,10,3,4,0,0,2,2,2,0,1,1,3,4,10,2,2
"11",154,2,1.5,3,30,80,60,20,-0.97451,-1.60711,0.09798,-0.98906,-0.57577,-1.57086,-0.60306,0.41023,-1.3129,-0.20556,1.0459,-1.21166,-0.16719,0.66545,-0.07552,0.13234,0.09994,2,0,0,1,0,0,2,2,0,2,0,0,0,0,1,0,1,9,0,0,0,1,0,0,3,15,15,15,5,2,0,0,0,2,1,0,1,1,4,5,30,2,2
"12",184,2,1,1,65,80,20.3,5,-0.84446,0.28743,-0.02075,-0.95401,-2.12305,-1.70148,0.19097,1.16389,-0.16582,-0.87125,0.55652,-1.01262,-0.09554,0.8799,0.19679,0.42356,0.12245,2,1,0,1,0,2,0,2,2,2,0,0,0,0,0,1,0,9,0,0,0,0,0,0,2,11,30,35,5,2,0,0,0,2,2,0,1,1,3,5,22,1,5
"13",186,2,0.7,2,30,80,40,10,0.18836,-0.81245,-0.44443,-0.44067,-0.96867,-0.65378,-0.67626,1.07482,0.04504,0.44356,1.17101,-0.08214,0.98859,0.7133,-0.06273,-0.58634,0.0455,2,1,1,1,0,2,0,2,2,0,1,0,1,1,0,0,1,7,0,0,0,1,1,0,2,10,15,15,3,5,1,1,1,2,1,0,1,2,6,4,20,2,2
"14",191,2,1,1,40,80,36,10,-0.95395,1.33193,-0.33809,-0.70888,-0.21941,0.25161,-0.93106,0.76775,0.18117,1.30425,-1.01511,0.05971,1.60558,0.3549,0.04931,-0.90218,0.27727,3,0,0,1,0,0,3,3,0,3,0,0,0,0,1,1,1,6,0,0,0,0,0,0,2,12,20,20,4,2,0,0,0,2,2,0,1,1,6,4,24,1,1
"15",192,2,1,1,50,80,33.6,0,-0.81164,-0.81356,-0.44779,-0.65715,0.66334,1.16121,-0.47785,0.41256,0.64221,-0.71022,1.63917,0.59867,-0.00846,-0.99267,-0.27953,-0.60181,0.88987,4,0,0,1,2,4,3,4,4,4,1,1,0,1,1,1,1,5,0,0,1,1,0,0,1,14,25,25,4,2,0,1,0,2,1,0,1,0,6,3,28,1,4
"16",218,2,-1,1,30,80,24,20,-1.03086,-0.77222,-0.48696,0.686,-0.77703,-0.49829,0.35907,1.52484,0.28196,0.14494,-0.22394,-1.0864,0.11181,1.20695,-0.12715,0.33973,0.12866,0,1,1,1,0,0,0,0,0,0,0,0,0,0,0,0,0,9,0,0,0,1,0,0,1,6,15,15,5,2,0,0,0,2,1,0,1,-1,6,6,12,2,1
"17",227,2,1.5,1.5,20,80,12,20,-0.36933,0.38787,0.1604,0.08021,0.46479,-0.10476,-0.38122,-0.08449,1.20385,-0.1149,-0.77047,0.06953,-0.26168,-0.60277,-0.49132,-0.35043,0.48782,3,0,0,1,0,3,3,3,3,3,0,0,0,0,1,1,1,8,0,0,0,1,0,0,3,2,10,10,4,2,0,0,0,2,1,1,1,1,4,4,4,1,1
"18",236,2,0,0,35,80,20.6,0,-0.79773,-0.83445,-0.50866,-0.76133,0.07314,-0.10793,0.29774,-0.41219,-0.25764,0.12024,-0.33061,-0.57162,0.68753,0.39765,-0.44755,-0.09698,-1.098,3,0,0,1,0,0,3,3,0,3,0,0,0,0,1,1,1,7,0,0,0,0,0,0,0,6,15,20,3,2,0,0,0,2,1,1,1,1,4,4,12,1,2
"19",245,2,1.5,1.5,30,80,44,0,-0.1383,-0.02977,2.11936,0.19419,1.0593,0.28563,0.55446,-0.19281,1.70169,0.24708,-0.45156,0.54589,0.56943,0.51019,-0.72291,-0.69534,0.69283,2,0,0,1,3,0,2,2,0,2,1,1,1,1,1,1,1,4,0,0,1,0,0,0,3,11,15,15,3,5,0,1,2,2,2,0,1,1,4,5,22,1,2
"20",263,2,1,1,40,40,30,0,0.1518,0.63539,-0.26081,-0.54131,-0.98426,-0.68731,0.01029,-0.60499,-0.4198,-2.19648,1.31725,-0.59844,0.53826,1.33771,-0.98467,-0.87617,-0.39039,3,0,0,1,2,3,3,3,3,3,0,0,1,1,1,1,1,8,0,0,1,0,0,0,2,10,20,20,2,3,1,0,0,2,1,1,1,1,3,4,20,1,2
"21",266,2,0.7,0.7,60,80,20,0,-0.37365,-0.86375,-0.2413,-0.85756,-0.18405,-0.6589,-0.83663,-1.48301,-1.45791,-0.87272,-1.22058,0.90115,-0.38206,0.1441,-0.76494,-0.17642,1.36752,3,0,0,1,0,0,3,3,0,3,0,0,0,0,1,0,1,5,0,0,0,0,0,0,2,10,30,30,5,3,0,0,0,2,3,0,1,2,4,4,20,2,2
"22",267,2,1,1.3,55,80,34.9,0,-0.3375,-0.83767,-0.78995,-0.73384,0.63016,0.95999,-0.9946,-0.43759,-1.29769,0.21302,0.37756,0.45909,0.25943,-1.85101,-0.49119,-0.10445,0.1267,2,0,0,1,3,0,2,2,0,2,1,0,0,1,1,0,1,6,0,0,1,0,0,0,4,16,25,30,2,6,0,1,0,2,1,2,1,3,3,3,32,2,2
"23",268,2,1,1,60,80,24,0,-0.8346,1.30702,-0.71046,1.72926,0.07589,-0.25659,-0.87236,0.40111,-0.14792,-1.596,-0.46018,-0.16126,0.58482,0.88081,-0.06048,-0.55335,-0.34053,3,0,0,1,0,3,3,3,3,3,0,0,0,0,1,1,1,4,0,0,0,0,0,0,1,12,30,30,5,1,0,0,0,2,1,0,1,0,6,3,24,1,2
"24",283,2,1,1,74,60,17.8,0,1.72951,1.53407,-0.62738,1.92945,1.23765,1.52663,-0.9311,-1.14835,-0.15878,0.7361,-1.31627,1.69107,-0.27696,-0.12832,-1.34959,-0.58339,1.54868,3,0,0,1,1,3,3,3,3,3,1,1,1,1,1,1,1,7,0,0,0,1,0,0,3,11,38,36,3,6,0,2,1,2,3,0,1,2,3,4,22,1,1
"25",288,2,1,1.5,60,80,14,0,1.57236,1.57498,-0.65353,1.83416,0.09032,0.87393,-1.07564,0.42345,0.10004,-0.25277,0.70555,0.22672,-1.35757,0.13304,-0.24655,-1.31042,-0.06274,5,0,0,1,2,5,2,5,5,2,0,0,1,1,1,1,1,3,0,0,0,0,0,0,3,7,15,45,2,4,1,0,1,2,2,0,1,2,3,2,14,1,5
"26",289,2,2,2,35,80,24,0,-0.90989,-0.87708,-0.68279,-0.81327,0.27489,-0.03,-0.57232,-0.65807,-1.42356,-0.71213,-0.04883,-0.78816,0.4002,0.5418,-0.40805,0.34503,-0.71505,3,0,0,1,1,0,3,2,0,2,0,0,0,0,1,1,1,9,0,0,0,0,0,0,4,7,15,20,4,2,0,0,0,2,2,0,1,1,3,5,14,1,2
"27",291,2,0.3,1,60,80,20,0,-0.62533,-0.0794,0.37726,0.81151,0.09841,-0.30568,0.08887,-0.55322,-0.54941,0.11783,-0.58384,1.09425,0.08257,-0.52074,0.12554,-0.10287,1.66334,2,0,0,1,0,2,2,2,2,2,0,0,0,0,1,1,1,5,0,0,0,0,0,0,1,10,30,30,4,3,0,0,0,2,1,0,1,2,3,2,20,1,2
"28",315,2,1,1,85,80,36.7,0,1.81688,1.5279,-0.59046,1.87594,0.7657,1.36584,-0.60071,-0.47614,-0.40344,0.72184,-1.08518,1.21458,-1.63544,-1.9074,1.08921,-0.81982,-1.49202,4,0,0,1,0,3,4,3,3,3,1,1,1,1,1,1,1,9,0,0,0,0,0,0,2,26,40,45,3,4,0,1,1,2,2,0,1,1,4,4,52,1,2
"29",322,2,1,1,40,80,45,0,0.58027,-1.41842,-0.71294,0.06983,0.57136,0.71451,-0.60346,-0.26311,-0.18791,-0.01485,-0.48167,-0.14938,-0.44924,0.52338,-0.8484,-0.78731,-0.4432,3,1,1,1,0,3,0,3,3,0,1,1,0,1,0,1,1,4,0,0,0,0,1,0,2,15,20,20,4,3,0,1,0,2,1,1,1,1,3,5,30,1,5
"30",325,2,1,1,30,80,28,0,-0.17616,0.61293,0.58015,0.10645,0.27291,0.26469,0.1935,0.47469,-0.04171,-0.71977,-0.87112,-0.59837,0.6042,0.71991,-1.33606,0.44985,-0.76596,0,1,1,1,0,0,0,0,0,0,0,0,0,0,0,1,0,3,0,0,0,0,0,0,2,7,15,15,3,2,0,0,0,2,2,0,1,1,2,2,14,1,3
"31",342,2,1,1,40,80,21,10,-1.01634,1.29886,1.42999,-0.01591,-0.46898,-0.76594,-0.8942,-0.58411,-1.47972,-0.06817,-0.22188,0.05013,0.68989,0.45095,0.35611,-0.26188,0.44516,3,0,0,1,2,3,3,3,3,3,0,0,0,0,1,0,1,6,0,0,0,0,0,0,1,7,20,20,3,1,0,0,0,2,1,0,1,0,4,3,14,2,2
"32",353,2,1,1,30,80,30,10,0.86039,-0.66859,-0.53609,-0.75347,-0.78168,0.37104,0.88666,0.53046,0.98355,0.31197,0.23749,0.11259,0.92378,0.44431,0.85791,-0.41009,-0.66232,4,0,1,1,3,4,4,4,4,3,0,0,1,1,1,0,1,8,0,0,1,0,0,1,2,7.5,15,15,3,4,1,0,1,2,2,0,1,1,4,5,15,2,2
"33",376,2,2,2,70,80,29.1,0,-0.77112,-0.84995,0.09424,-0.73454,0.57724,-0.08921,-0.66952,-1.25755,-0.82543,0.40354,0.3886,-0.26775,0.8535,-0.47354,-0.33915,-1.36612,0.34371,3,0,0,1,1,0,3,2,0,2,0,0,0,0,1,0,1,3,0,0,1,0,0,0,4,17,30,40,2,2,0,0,0,2,2,0,1,1,5,4,34,2,2
"34",377,2,0.3,0.5,14,80,1.7,20,-0.94901,-0.83234,-0.46357,-0.21735,-0.37168,0.35279,-0.35962,0.45571,0.46564,-0.09941,-0.14096,0.04667,-0.6289,-0.70175,-0.39197,-0.03731,-0.00062,1,1,0,1,0,0,1,1,0,1,0,0,0,0,0,0,0,4,0,0,0,1,0,0,1,0.2,7,7,5,2,0,0,0,2,2,0,1,2,6,5,0.4,2,1
"35",380,2,1,1,60,80,24,0,-1.05011,-0.7902,-0.68547,-0.70835,0.93003,0.14476,-1.0259,-0.56153,-0.11384,-0.79575,0.19072,0.03869,0.29643,0.12533,-1.01957,-1.00109,-0.41008,3,0,0,1,0,3,3,3,3,3,0,0,0,0,1,1,1,6,0,0,0,0,0,0,1,12,30,30,3,1,0,0,0,2,1,0,1,0,5,3,24,1,2
"36",386,2,1,1,60,80,16,0,-0.89051,-0.84666,-0.53339,-0.83222,-0.64648,0.00161,0.34727,-0.78205,-0.91394,-0.65595,-0.23161,-0.36184,0.25538,0.77457,-0.32424,-0.5072,-0.18724,3,0,1,1,2,3,3,3,3,3,0,0,0,0,1,0,1,6,0,0,1,0,0,1,1,8,30,30,2,1,0,0,0,2,1,0,1,0,5,3,16,2,2
"37",391,2,1,1,100,80,28.8,0,0.40273,-0.8236,0.60439,-0.76232,0.82727,0.96046,0.84209,1.06075,1.08644,0.50502,-0.2011,0.40385,0.34811,-1.44824,1.68719,0.40202,0.02586,3,1,0,1,0,3,3,3,3,3,0,0,0,0,1,1,1,4,0,0,0,0,0,0,2,24,50,50,2,2,0,0,0,2,2,0,1,1,4,4,48,1,2
"38",392,2,1,1,45,80,34.7,0,1.43764,-0.66213,2.40977,-0.8117,-0.32281,-0.31945,0.89663,0.0996,1.82011,0.0616,0.31323,-0.75171,0.09641,1.394,-0.13393,-0.29356,0.39823,3,1,1,1,6,3,3,3,3,3,0,0,1,1,0,0,1,3,0,0,1,0,0,1,2,13,20,25,3,4,0,0,2,2,2,0,1,1,6,4,26,2,2
"39",394,2,1,1,30,80,16,0,-0.8439,0.50266,0.84691,-0.91023,-1.78712,-1.50094,1.87895,0.79222,-0.06417,1.05304,-1.13366,0.51713,-0.2313,0.14723,2.1513,-0.31749,-1.19933,4,0,0,1,2,4,3,4,4,4,0,0,0,0,0,0,1,7,0,0,1,0,0,0,2,4,15,15,3,2,0,0,0,2,2,0,1,1,6,3,8,2,2
"40",407,2,1,1,120,80,10,0,-0.71052,-0.78798,-0.56465,-0.80779,0.25637,-1.3977,-0.63584,-0.28731,0.51773,-1.55199,0.64619,0.02714,-0.10496,0.19403,-0.81727,-0.46005,1.53718,3,0,0,1,0,3,3,3,3,3,0,0,0,0,1,0,1,6,0,0,0,1,0,0,1,10,60,60,3,1,0,0,0,2,1,0,1,0,5,3,20,2,1
"41",410,2,1,1,55,80,32.7,0,-0.86152,-0.13921,-0.48678,-0.54292,-0.22893,-1.00837,-0.77594,-0.32541,0.05353,0.22294,-1.00749,0.37202,-0.0094,0.52601,-0.13413,-0.52133,0.18143,3,0,0,1,0,3,3,3,3,3,0,0,0,0,1,0,1,5,0,0,0,0,0,0,2,15,25,30,4,2,0,0,0,2,2,0,1,1,6,0,30,2,2
"42",417,2,1,2,35,80,12,0,-0.42241,1.44947,-0.22458,-0.47345,0.14691,-0.65075,-0.68269,0.05402,-1.27504,-0.69246,-0.65365,0.36857,-0.86127,0.29034,0.96223,-1.17799,0.97888,3,0,0,1,0,3,3,3,3,3,0,0,0,0,1,0,1,4,0,0,0,1,0,0,2,3.5,20,15,5,2,0,0,0,2,1,0,1,1,5,4,7,2,2
"43",426,2,1.5,1.5,20,80,48,0,0.88449,1.11282,1.47027,-0.76347,-0.53567,-0.20921,2.00849,0.7498,0.44856,-0.07825,-0.08268,-0.44636,0.08176,0.62372,-0.06346,0.09195,-0.70885,3,0,0,1,0,2,3,2,2,2,1,0,0,1,0,0,1,6,0,0,0,0,0,0,3,8,9,11,4,4,0,2,0,2,2,0,1,1,5,6,16,2,2
"44",430,2,1,1,50,80,52.8,0,1.56165,-1.48542,-0.8882,-0.73395,0.49462,0.47432,-0.52268,0.5379,0.1552,0.4285,-0.27545,-0.07458,-1.39358,0.1901,1.25339,-0.94741,-0.3353,0,1,1,1,3,0,0,0,0,0,1,1,0,1,0,1,0,3,0,0,0,0,0,0,1,22,25,25,3,2,0,1,0,2,1,0,1,0,3,2,44,1,5
"45",432,2,0.4,0.3,120,80,48,0,-0.10038,1.43076,-0.43621,1.27493,0.97932,0.46846,0.67456,0.06592,-0.05421,-0.99921,-0.88816,0.58265,-0.55373,0.65188,-1.1289,0.0883,0.46085,3,0,0,1,0,0,3,2,0,2,0,0,1,1,1,0,1,3,0,0,0,0,0,0,2,48,60,60,3,7,0,0,1,2,5,1,1,4,6,4,96,2,2
"46",443,2,1,2,55,80,43.6,0,-1.4264,1.42638,-0.81143,0.17879,1.40795,-0.61445,-1.04067,-0.59883,-0.53498,-0.12023,0.36715,1.01251,0.0468,-0.71988,-1.01265,-0.11182,0.37665,3,0,0,1,0,0,3,3,0,3,1,0,1,1,1,0,1,5,0,0,0,0,0,0,2,20,25,30,3,4,0,1,1,2,1,0,1,1,6,3,40,2,2
"47",459,2,1,1,45,80,26.7,0,-0.68829,0.3539,-0.06438,0.99901,-1.8624,-1.09806,0.1141,0.93127,0.36894,0.18846,-0.29984,-0.5562,0.98582,1.32963,-0.60044,0.10609,0.36835,3,0,0,1,6,3,2,3,3,2,0,0,0,0,0,1,1,2,0,0,1,0,0,0,1,10,20,25,5,1,0,0,0,2,1,0,1,0,3,2,20,1,5
"48",517,2,1.5,1.5,60,80,36,0,-1.04546,-0.85752,-0.46334,-0.7531,0.56316,0.39754,-0.82052,-0.22385,-1.15435,0.05174,-0.18711,1.01164,0.4061,0.79067,-0.51271,-1.42292,-1.59121,3,0,0,1,0,3,3,3,3,3,0,0,0,0,1,1,1,4,0,0,0,0,0,0,3,18,30,30,4,2,0,0,0,2,2,0,1,1,4,4,36,1,2
"49",518,2,0.7,0.7,50,80,28.8,0,-0.18032,1.44155,-0.55283,1.23808,0.4857,0.61999,-1.01736,-0.02816,-0.43371,1.02876,-0.75214,1.38469,0.75371,-0.31358,-0.96333,-1.05093,1.67263,2,0,0,1,3,1,2,2,1,2,0,0,0,0,1,1,1,2,0,0,0,1,0,0,2,12,22.5,27.5,4,3,0,0,0,2,2,1,1,2,3,4,24,1,2
"50",542,2,0.7,1,70,40,5.1,0,0.73135,-0.61647,1.6069,1.84602,1.5071,1.35779,2.27516,1.07444,1.7559,-0.20486,0.55126,-0.74762,-1.05651,0.02867,-0.06863,0.02569,0.26704,0,1,1,1,0,0,0,0,0,0,1,1,1,1,0,1,0,4,0,0,0,0,0,0,2,3,35,35,2,5,0,1,1,2,1,1,1,2,3,1,6,1,4
"51",544,2,1.5,1.5,47.5,80,20.2,5,0.95162,0.08,-0.63523,0.37849,0.59786,1.0037,-0.91577,0.45142,1.29366,0.41018,-0.50624,0.15725,0.95318,0.47089,0.57046,-1.04713,0.98432,3,0,0,1,0,3,3,3,3,3,0,0,1,1,1,0,1,6,0,0,0,0,0,0,3,8,20,27.5,3,4,1,0,1,2,2,0,1,1,5,5,16,2,2
"52",560,2,1,1,55,80,21.8,10,-0.7208,-0.83715,0.0703,-0.96169,-2.05941,-1.4893,0.96482,-0.35806,-0.34051,-0.6877,0.41704,-0.43646,-0.3171,0.22895,1.144,0.6036,0.427,0,1,1,1,0,0,0,0,0,0,0,0,0,0,0,0,0,4,0,0,0,1,0,0,1,10,30,25,6,1,0,0,0,2,1,0,1,0,4,3,20,2,2
"53",562,2,1,1,35,80,30.9,0,-1.04018,-0.12679,0.1295,-0.08266,-0.49895,-0.77724,0.01806,0.12576,-0.85694,-0.13381,0.35395,-0.09681,-0.36078,-0.53472,0.4041,-0.12564,0.18285,2,0,0,1,0,2,2,2,2,2,0,0,0,0,1,0,1,7,0,0,0,1,0,0,2,9,15,20,4,2,0,0,0,2,2,0,1,1,3,4,18,2,2
"54",567,2,1,1,30,80,40,0,-0.5152,1.47498,2.219,1.59549,-1.57533,0.13856,1.67671,1.67338,-0.93267,-0.85858,1.06465,-0.97981,0.72279,0.78426,0.15136,0.28042,-0.18329,2,0,0,1,0,2,2,2,2,2,0,0,0,0,0,0,1,5,0,0,0,1,0,0,1,10,15,15,2,1,0,0,0,2,1,0,1,0,4,3,20,2,2
"55",582,2,2,2,62.5,80,15.4,15,-0.80454,1.08093,-0.58841,0.93939,0.71618,0.81638,0.16977,0.46932,-0.77001,0.84607,1.34424,0.15322,0.5799,0.394,0.39917,0.12778,1.29106,3,0,0,1,0,3,3,3,3,3,0,0,0,0,1,0,1,6,0,0,0,0,0,0,2,8,30,32.5,3,1,0,0,0,2,1,0,1,0,5,3,16,2,2
"56",585,2,1,1,85,80,22.6,2,-0.56209,1.34474,-0.75757,-0.65116,0.39943,0.11176,-0.31336,0.86471,0.08301,1.02879,0.05267,0.58551,0.19026,0.1182,-0.51551,-0.538,0.10294,2,1,0,1,0,2,2,2,2,2,0,0,0,0,1,1,1,5,0,0,0,1,0,0,2,16,45,40,3,2,0,0,0,2,2,0,1,1,3,4,32,1,1
"57",592,2,0.5,1,70,80,10.3,0,-0.06739,-0.90713,-0.11164,-0.83529,-0.57788,-0.72608,-0.27942,0.24407,0.41176,-0.02104,-0.56105,0.69803,-0.24854,0.3755,-0.27637,1.13454,0.62871,0,1,1,1,0,0,0,0,0,0,0,0,0,0,0,1,0,1,0,0,0,0,0,1,1,6,30,40,4,3,0,0,0,2,1,0,1,1,3,2,12,1,5
"58",611,2,1,0.5,45,40,16,0,-0.09839,0.06605,0.77085,0.58608,-1.20863,-0.31385,2.04158,-0.55451,0.6139,0.1095,1.21158,-0.52596,0.52198,0.20306,1.37087,-0.03291,0.56259,0,1,1,1,0,0,0,0,0,0,0,0,0,0,0,0,0,7,0,0,0,0,0,0,1,6,20,25,2,1,0,-1,0,2,0,2,1,0,4,1,12,2,2
"59",617,2,1,1,20,80,3,0,-0.7748,-0.87561,0.26273,-0.9603,-1.48453,-1.39262,-0.48971,-0.10467,-1.35568,0.17439,-0.9904,-0.03245,0.84532,0.69552,-0.66747,-0.45774,0.10552,3,0,0,1,3,3,3,3,3,3,0,0,0,0,0,0,1,7,0,1,1,1,0,0,2,0.5,10,10,5,2,0,0,0,1,2,0,1,1,4,4,1,2,2
"60",618,2,1,1,50,80,16.8,8,0.63481,-0.72859,-0.23824,-0.82321,-0.15139,-0.54458,0.9816,0.12356,0.16628,-0.92541,-0.13673,-0.39925,-0.10244,-0.34952,0.86674,0.93972,-0.29261,1,1,0,1,3,0,1,3,0,3,1,1,1,1,0,1,1,8,0,1,1,0,1,0,2,7,20,30,3,5,0,1,1,2,2,0,1,1,4,4,14,1,2
"61",634,2,1,1,30,80,12,0,-0.53049,-0.904,-0.29713,-0.90743,-1.0122,-1.84012,2.15472,0.50359,0.87395,1.12195,-1.00114,-0.60733,0.33077,1.57882,1.02794,-0.42586,-0.62278,3,0,0,1,5,3,1,3,3,3,0,0,1,1,0,0,1,5,0,1,1,1,0,0,2,3,15,15,2,3,0,0,1,2,1,1,1,1,6,4,6,2,2
"62",638,2,2,2,80,80,37.5,0,-0.53496,-0.17185,0.1353,-0.89675,-2.30348,-1.34633,-0.51022,-1.47003,-1.46929,-0.96922,-0.39406,-0.19416,-0.21864,0.16788,-0.00014,0.71896,-0.1828,3,0,0,1,6,3,3,3,3,3,0,0,0,0,0,0,1,9,0,0,1,1,0,0,4,25,40,40,6,2,0,0,0,2,2,0,1,1,4,3,50,2,2
"63",646,2,1,1,90,80,24,0,1.52442,0.68969,-0.58919,-0.66825,0.72343,0.5521,0.86029,1.14118,-0.32237,0.81337,-0.26059,0.95363,0.04377,0.20233,-0.17676,-0.39416,0.70191,3,0,0,1,3,3,3,3,3,3,1,1,0,1,1,1,1,5,0,0,1,1,0,0,1,18,45,45,3,2,0,1,0,2,1,0,1,0,3,2,36,1,5
"64",652,2,1,1,40,80,45,0,-0.61229,1.47636,0.54325,1.71878,0.50598,-0.13816,1.15213,0.5525,0.49605,1.04923,0.07548,-0.16146,0.77473,0.34399,1.2501,-0.06216,0.98874,3,0,0,1,0,3,2,3,3,3,0,0,0,0,1,1,1,5,0,0,0,1,0,0,1,15,20,20,3,1,0,0,0,2,1,0,1,0,4,3,30,1,2
"65",654,2,1,1,60,80,40,0,-0.81047,0.60454,0.67303,0.82289,-0.65324,-0.03031,1.24747,1.26511,-0.07489,-0.0695,1.04821,-0.01669,-0.36384,-0.05006,0.79626,-0.16355,-0.22307,3,0,0,1,0,3,2,3,3,3,0,0,0,0,0,0,1,7,0,0,0,1,0,0,2,20,30,30,3,2,0,0,0,2,2,0,1,1,4,6,40,2,2
"66",662,2,1,2,75,80,48,0,0.39167,-0.81046,0.36285,-0.76621,1.03315,0.51698,0.21058,-0.62025,-0.29378,0.91885,-0.38545,0.60465,0.61282,0.27633,-0.46317,0.89791,0.36265,3,0,0,1,0,3,3,3,3,3,0,0,1,1,1,0,1,7,0,0,0,1,0,0,2,30,35,40,3,3,0,0,1,2,1,0,1,1,6,4,60,2,1
"67",672,2,0.7,2,55,80,34.9,30,-0.59578,-0.8997,-0.47562,-0.95618,-1.74452,-1.73513,0.25644,-1.53685,-1.29339,-0.89288,0.07492,-1.40812,-0.27747,1.65131,-0.77147,-0.3417,-0.86652,3,1,0,1,2,3,1,3,3,3,0,0,0,0,0,0,1,8,0,0,0,1,0,0,2,16,25,30,6,3,0,0,0,2,1,0,1,2,5,5,32,2,1
"68",693,2,1,1,80,80,39,20,0.61547,0.67224,0.72683,-0.85984,-0.22908,-1.00205,-0.32569,0.62282,-0.82888,-0.16972,1.13416,-0.7638,-1.10194,-0.8184,1.75931,-0.10153,-0.11735,3,0,0,1,4,3,3,3,3,3,1,0,1,1,1,0,1,7,0,0,1,1,0,0,2,26,35,45,3,5,0,1,2,2,1,1,1,1,4,5,52,2,2
"69",694,2,1,1,30,80,16,10,-0.60545,1.45654,1.44735,0.80775,-0.39481,-1.26927,0.47008,1.18348,0.03903,0.41187,-0.06551,-0.65611,0.6946,0.71744,0.70317,-0.61529,0.16925,3,0,1,1,3,3,3,3,3,0,0,0,0,0,0,0,1,6,0,0,1,1,0,0,1,4,15,15,3,1,0,0,0,2,1,0,1,0,5,4,8,2,2
"70",697,2,1,1,38,80,47.4,0,0.24539,1.25301,-0.51,1.77731,0.84944,0.63623,-0.67355,-0.07523,0.40919,0.61103,-1.00999,0.83242,-0.43473,0.06957,-1.31527,-0.39619,-0.23414,3,0,0,1,4,0,3,3,0,3,0,0,1,1,1,0,1,4,0,0,0,0,0,0,2,15,18,20,2,3,1,0,0,2,2,0,1,1,4,3,30,2,2
"71",698,2,1,1,35,40,30.9,0,1.09707,1.47553,-0.67801,-0.76517,-1.2854,-0.20079,-0.21414,-0.08527,-1.20853,0.19537,-1.0224,-0.12043,0.42944,-0.75509,1.09132,-1.1207,-0.01047,3,0,0,1,0,3,3,3,3,3,0,0,1,1,1,1,1,6,0,0,0,0,0,0,2,9,20,15,3,3,1,0,0,2,1,1,1,1,6,5,18,1,1
"72",703,2,0,0,31,80,7.7,0,-1.18675,-0.88945,-0.62691,-0.8828,-0.39229,-0.849,-0.68661,-0.72222,-1.3886,-0.93903,0.20943,0.2759,0.6716,0.5549,0.20435,-0.4109,0.49846,2,0,0,1,3,2,2,2,2,2,0,0,0,0,1,1,1,4,0,0,0,0,0,0,0,2,13.5,17.5,4,1,0,0,0,2,1,0,1,0,4,2,4,1,5
"73",704,2,1,1,35,80,20.6,0,-0.5987,-0.88218,-0.88815,-0.90987,-0.52622,-1.20408,0.50312,-1.18076,-1.36999,-1.10417,-0.20859,0.36374,0.06149,0.3414,-0.09001,-0.93086,-0.01283,2,0,0,1,2,0,2,2,0,2,0,0,0,0,1,1,1,7,0,0,1,0,0,0,1,6,15,20,4,1,0,0,0,1,1,0,1,0,3,2,12,1,5
"74",706,2,1,1,20,80,3,0,-0.91489,-0.82489,0.14356,0.60704,-1.54273,-1.05165,0.91247,0.19462,-0.71524,-0.88645,1.57375,-0.13949,0.51138,0.70098,0.74657,-0.60706,-1.33525,3,0,0,1,2,3,3,3,3,3,0,0,0,0,0,0,1,6,0,0,1,0,0,0,1,0.5,10,10,4,1,0,0,0,2,1,0,1,0,6,3,1,2,2
"75",711,2,1,1,60,80,20,20,-0.61061,-0.80317,-0.65935,-0.19016,0.7235,-0.24854,-0.72941,-1.57312,0.06649,-0.35751,-0.63289,0.25468,-1.24974,-1.5503,-1.83795,-1.05905,-0.05608,2,0,0,1,2,2,2,2,2,2,1,0,0,1,1,0,1,6,0,0,0,1,0,0,2,10,30,30,3,4,0,2,0,2,1,1,1,1,5,3,20,2,2
"76",715,2,0.7,1,60,80,40,15,-0.72601,-0.89708,-0.7749,-0.96888,-2.04423,-1.71546,-0.47189,0.46159,-0.75126,0.00667,-1.42378,-0.33863,0.02535,0.60883,-0.26974,0.21675,-0.31235,0,1,1,1,0,0,0,0,0,0,0,0,0,0,0,0,0,6,0,0,0,1,0,0,2,20,30,30,6,3,0,0,0,2,2,0,1,2,6,6,40,2,2
"77",722,2,0.7,0.7,110,80,38.2,0,-0.35292,0.5505,0.65402,-0.22982,-0.37132,-0.81571,0.34288,0.62677,-0.24096,0.10016,-0.7528,0.41862,0.12223,-0.31043,-0.10926,0.79064,0.36399,3,1,0,1,0,0,3,3,0,3,0,0,0,0,0,0,0,7,0,0,0,1,0,0,2,35,60,50,5,3,0,0,0,2,2,1,1,2,6,6,70,2,2
"78",727,2,1,1,95,80,37.9,10,-0.63276,-0.85396,-0.46218,-0.87515,-0.73575,-1.54165,-0.54678,-0.10998,-0.66088,0.15078,-0.30691,-0.2411,-0.00926,0.83211,-0.24679,-0.01525,-0.09929,3,0,1,1,2,2,3,2,2,2,0,0,0,0,1,0,1,8,0,0,0,1,0,0,2,30,45,50,5,2,0,0,0,2,2,0,1,1,5,6,60,2,1
"79",750,2,1,1.7,60,80,24,0,-0.71339,-0.86522,0.0197,-0.93149,-1.62971,-1.64144,0.20269,1.11296,-0.06344,0.13439,-0.20752,-1.46558,0.1482,-0.05817,-0.1077,-0.02807,-0.47553,3,0,0,1,0,3,3,3,3,3,0,0,1,1,0,0,1,4,0,0,0,1,0,0,5,12,20,40,5,6,1,0,0,1,2,1,1,4,6,6,24,2,2
"80",757,2,1,1.5,30,80,12,0,-0.55654,-0.87398,-0.0234,-0.98287,-1.99434,-1.25081,0.79447,0.69861,0.00553,-0.58529,-0.51089,-1.46024,0.48643,1.52024,0.3891,0.58073,-0.87844,2,0,0,1,4,0,2,1,0,1,0,0,0,0,0,1,1,5,0,1,1,0,0,0,3,3,15,15,4,3,0,0,0,2,1,1,1,2,3,2,6,1,5
"81",758,2,1,1,35,80,24,0,1.6688,-0.70023,-0.48017,-0.67789,0.78109,1.18107,-0.6404,-0.57364,0.05414,0.8535,-0.84058,0.44477,0.34146,-1.77775,-1.16258,-0.30795,-0.76723,3,0,0,1,0,0,3,3,0,3,0,0,1,1,1,1,1,7,0,0,0,0,0,0,2,7,15,20,3,3,1,0,0,2,2,0,1,1,6,6,14,1,2
"82",761,2,2,2,30,80,32,0,-0.35819,-0.84895,0.25815,-0.94833,-1.83418,-1.06185,1.03838,0.63104,0.04211,0.09189,0.52104,-1.59213,0.57792,1.39111,-0.00068,0.05669,-1.23528,4,0,0,1,0,4,4,4,4,4,0,0,0,0,0,0,1,4,0,0,0,1,0,0,2,8,15,15,4,1,0,0,0,2,1,0,1,0,6,6,16,2,2
"83",764,2,1,1,35,80,51.4,0,-0.36984,1.12188,1.12661,-0.92751,-2.02209,-1.4158,2.03962,1.54632,-0.26783,-1.20473,1.61267,-1.43751,0.56072,0.28139,-0.90775,0.95018,0.39824,3,0,0,1,5,3,3,3,3,3,0,0,1,1,0,0,1,7,0,0,1,1,0,0,2,15,17.5,17.5,2,4,1,0,1,2,1,1,1,1,6,5,30,2,2
"84",768,2,2.3,1.8,45,80,21.3,0,-0.84809,1.33394,-0.01141,0.84341,-0.6966,-0.23162,1.58668,1.55567,1.31672,-1.36168,1.75465,-0.81833,-1.08004,-0.9944,-0.09784,0.95481,0.34314,2,1,0,1,0,2,0,2,2,2,0,0,0,0,0,1,0,7,0,1,0,0,0,0,7,8,20,25,4,4,0,0,0,2,4,0,1,2,3,4,16,1,5
"85",780,2,1,1,30,80,32,10,-0.74541,-0.46026,-0.51644,-0.82782,-1.15175,-0.91785,0.11445,0.71374,-0.95347,-1.40035,0.76968,-1.09203,0.68546,0.80586,-0.98187,0.69143,-0.13422,1,1,0,1,0,0,1,1,0,1,0,0,0,0,0,0,1,7,0,0,0,1,0,0,1,8,15,15,5,1,0,0,0,2,1,0,1,0,6,6,16,2,2
"86",786,2,1,1,85,80,24,0,1.27246,-0.82541,-0.69938,-0.81496,-0.50025,-0.43268,-0.37442,0.01442,1.14054,0.29186,1.70388,-0.22646,0.13384,0.25418,-0.28988,0.75931,-1.31481,3,0,0,1,0,0,3,2,0,2,1,0,0,1,1,0,1,6,0,0,0,1,0,0,2,17,45,40,3,4,0,2,0,2,2,0,1,1,6,6,34,2,2
"87",801,2,1,1,37,80,19.5,10,-0.75169,0.53429,0.02074,-0.84669,-1.57032,-1.16626,0.04603,-0.84268,-0.51661,0.29913,-1.06739,-0.36855,0.03253,-0.79959,0.22389,0.4943,0.07604,0,1,1,1,0,0,0,0,0,0,0,0,0,0,0,1,0,2,0,0,0,1,1,1,2,6,12,25,5,2,0,0,0,2,2,0,1,1,3,4,12,1,5
"88",819,2,1,1,31.5,80,30.5,0,-0.90625,0.37368,-0.16205,-0.42045,-2.03348,-1.12184,0.00649,0.06659,-1.48363,-0.1155,-0.23387,-0.1736,-0.16261,0.74056,0.65578,-0.19382,-0.72827,0,1,1,1,0,0,0,0,0,0,0,0,0,0,0,1,0,5,0,1,0,0,0,0,1,8,16.5,15,5,1,0,0,0,2,1,0,1,0,3,2,16,1,5
"89",828,2,1,0.5,70,80,47.1,0,1.37916,0.78704,2.82132,0.86501,0.39426,-0.2797,2.60281,0.4549,1.82105,-0.8689,0.61801,0.02914,-0.21872,-0.31977,-0.13289,0.35047,0.34641,0,1,1,0,0,0,0,0,0,0,1,1,1,1,0,1,0,4,0,0,0,0,0,0,1,27.5,30,40,3,4,0,1,1,2,2,0,2,1,4,4,55,1,5
"90",844,2,1.5,1.5,30,80,32,0,1.47109,-0.79298,-0.0675,-0.64047,1.74044,1.77808,0.18843,0.89744,-0.43649,1.03916,0.33477,-0.49433,-0.04862,-0.79642,1.27771,0.53457,0.34592,0,1,1,1,0,0,0,0,0,0,1,1,0,1,0,1,1,9,0,0,0,0,1,0,3,8,15,15,4,4,0,2,0,2,2,0,1,1,6,6,16,1,2
"91",845,2,1,1,25,80,19.2,10,-0.79031,-0.88791,-0.43991,-0.8355,0.10362,-1.23098,0.29606,-0.26551,-0.17924,-0.51601,-0.62613,0.22495,-1.00269,-0.27907,-0.16841,-0.67854,-0.06455,3,0,0,1,0,3,2,3,3,3,0,0,0,0,1,0,1,7,0,0,0,0,0,0,1,4,10,15,3,1,0,0,0,2,1,0,1,0,4,3,8,2,1
"92",864,2,1,2,45,80,29.3,20,-0.3109,-0.81457,-0.53178,-0.96117,-1.46691,-1.36383,-0.09091,1.06456,1.11697,1.14496,0.14181,-0.1925,-0.66599,0.36218,-0.40197,0.0813,0.28435,2,1,0,1,1,2,2,2,2,2,1,0,1,1,0,0,1,8,0,0,0,1,0,0,2,11,20,25,4,4,0,1,1,2,1,0,1,1,6,5,22,2,2
"93",866,2,1,2,30,80,12,2,1.02717,0.73854,1.9538,0.70268,-1.41838,-1.17409,2.21202,1.52726,1.36093,0.28558,-0.88101,-0.22745,0.71512,-0.52003,-0.69206,0.48994,-0.5244,3,1,0,1,6,0,3,1,0,1,0,0,1,1,0,1,1,4,0,0,0,1,0,0,2,3,15,15,3,3,0,0,1,2,1,0,1,1,6,5,6,1,2
"94",872,2,1.5,1.5,45,80,40,5,0.47334,1.393,1.50933,0.16324,0.56443,1.5336,0.33003,0.65639,-0.31759,0.40268,0.18053,-0.27522,0.61183,0.51549,0.29963,-0.51763,-0.65054,4,0,1,1,3,4,3,4,4,4,0,0,0,0,1,1,1,6,0,0,1,0,1,0,3,15,22.5,22.5,3,2,0,0,0,2,2,0,1,1,6,3,30,1,2
"95",876,2,1,1,30,80,16,0,0.66924,0.69128,-0.49304,-0.80261,-1.41731,-1.41754,-0.56236,-0.3158,0.17754,0.05476,1.55095,-0.59595,0.02878,0.43888,-0.04447,0.42088,-0.10697,2,1,0,1,0,2,2,2,2,2,1,0,1,1,0,0,0,8,0,0,0,1,0,0,2,4,12.5,17.5,4,5,1,1,1,2,1,1,1,1,6,4,8,2,5
"96",878,2,1.5,1.5,90,40,22.7,0,1.71307,-1.28198,-0.69436,-0.93771,-0.92099,-0.61246,-0.92483,1.47965,-0.15682,0.32604,-1.27503,0.28886,0.8451,0.94298,-0.84265,-0.02231,1.1829,4,0,0,1,4,4,4,4,4,4,0,0,1,1,1,1,1,3,0,0,1,0,0,0,3,17,45,45,3,3,1,0,0,2,1,1,1,1,6,4,34,1,4
"97",921,2,0.5,0.5,45,80,32,20,1.58393,-1.1996,-0.23329,1.57694,-0.09406,-0.28501,-0.68828,0.00603,0.8547,0.81614,1.63616,-0.44435,0.03959,-0.16416,-0.68571,-0.82342,-1.12425,4,0,0,1,2,0,4,3,0,3,0,0,1,1,1,1,1,7,0,0,1,1,0,0,1,12,15,30,3,3,1,0,0,2,2,0,1,1,6,5,24,1,4
"98",932,2,1,1,60,80,40,0,-0.42102,-0.78726,1.79485,-0.7976,-0.70424,-0.50908,0.8173,0.81799,0.62504,-0.48177,-0.24011,-0.37582,0.53122,1.28653,-0.07107,0.35858,-0.51449,3,1,1,1,5,2,3,2,2,2,0,0,0,0,0,1,1,7,0,0,1,0,1,1,2,20,30,30,3,2,0,0,0,2,2,0,1,1,3,4,40,1,5
"99",953,2,1,1,81,80,44.4,0,-0.63233,-0.86008,-0.67646,-0.92818,-0.66757,-1.35242,-0.81417,-1.35088,-1.48537,0.52313,-0.39969,-0.834,0.73148,0.92623,-0.935,0.0422,-0.87258,4,0,0,1,0,4,4,4,4,3,1,0,1,1,1,0,1,6,0,0,0,1,0,0,2,30,40,41,3,7,1,2,2,2,1,1,1,1,5,5,60,2,2
"100",960,2,1,1,50,80,21.6,0,0.52998,-0.79335,-0.07618,-0.2121,0.42043,0.93414,1.00265,-0.24973,0.21086,0.23788,-0.20379,0.56064,0.15927,0.03761,-0.1439,-0.63223,-0.49149,4,0,0,1,3,4,3,4,4,3,0,0,0,0,1,1,1,5,0,0,1,0,0,0,2,9,25,25,2,2,0,0,0,2,2,0,1,1,4,4,18,1,2
"101",964,2,0.5,0.7,75,80,25.6,0,-0.0664,0.2213,1.72334,0.75353,-1.02338,0.08952,1.38008,1.64247,1.24125,-1.02777,0.39335,-0.39601,-1.36795,0.41942,0.04503,-0.15197,0.00141,1,1,1,1,0,1,0,1,1,0,0,0,1,1,0,0,0,6,0,0,0,1,1,1,2,16,40,35,3,4,1,0,0,2,3,0,1,3,4,3,32,2,2
"102",965,2,1,2,70,80,25.7,0,-0.83174,1.30321,-0.65508,0.11124,-0.16237,-0.67294,-0.28683,-0.29459,0.65587,0.11008,0.14831,-0.40122,-0.04034,0.0074,-0.0228,-0.35185,-1.04591,3,0,0,1,1,3,3,3,3,3,0,0,0,0,1,0,1,9,0,0,0,1,0,0,2,15,30,40,5,2,0,0,0,2,1,0,1,1,4,3,30,2,2
"103",972,2,1,2,30,80,28,0,-0.44885,-0.77555,-0.53505,-0.76436,0.43467,-1.25277,-0.43196,-0.50109,0.42779,-0.21582,-0.11702,0.64134,-0.80011,-0.65507,0.17665,-0.53688,-0.02948,0,1,1,1,0,0,0,0,0,0,1,0,1,1,0,0,1,0,0,0,0,0,0,1,2,7,15,15,4,4,0,1,1,2,1,0,1,1,4,5,14,2,2
"104",975,2,1,1,40,80,42,0,0.29259,1.421,0.43108,1.67166,-0.66267,0.21711,1.09524,1.55853,0.71057,-0.42031,0.69743,-1.14716,0.338,0.93962,0.52444,0.03238,0.90865,3,1,0,1,0,3,3,3,3,3,0,0,0,0,0,1,1,2,0,0,0,1,0,0,2,14,20,20,2,2,0,0,0,2,2,0,1,1,4,4,28,1,2
"105",978,2,1,1,30,80,12,0,-0.33891,-0.04427,-0.38938,0.36533,0.64352,0.02021,0.16117,0.9531,0.89414,-0.18659,0.95187,0.44262,1.10012,-0.4056,0.25005,-0.20181,0.09625,3,0,0,1,0,0,3,3,0,3,0,0,0,0,1,1,1,5,0,0,0,1,0,0,2,3,15,15,2,2,0,0,0,2,2,0,1,1,6,6,6,1,1
"106",980,2,1.5,3,140,80,15.4,0,-0.15133,-0.08915,0.68227,-0.788,-0.09707,0.25559,-0.45249,0.54429,0.06259,1.16408,-0.36931,0.05476,0.76618,0.33137,-0.98081,-1.14694,-1.19546,3,0,0,1,0,3,3,3,3,3,0,0,0,0,1,0,1,9,0,0,0,1,0,0,3,18,70,70,2,2,0,0,0,2,1,0,1,1,4,3,36,2,2
"107",982,2,0.5,0.5,90,80,20,0,-0.69649,-0.18198,-0.32234,-0.84128,-0.50425,-0.94944,0.75138,1.28006,0.8826,-0.90715,1.60065,-0.2621,-0.48051,0.52582,0.55314,-0.04253,0.24957,3,0,0,1,4,3,3,3,3,3,0,0,0,0,0,0,1,8,0,0,1,0,0,0,1,15,45,45,4,2,0,0,0,2,1,1,1,1,3,3,30,2,2
"108",984,2,1,2,75,80,32,0,-0.28092,-0.87274,1.28192,-0.9051,-0.55217,-0.43039,0.68274,0.13296,-0.36915,0.17043,-0.08847,-0.41486,-0.02488,0.07211,0.43815,0.79951,-0.1478,3,0,0,1,3,3,3,3,3,3,1,0,1,1,0,0,1,5,0,0,1,1,0,0,2,20,37.5,37.5,3,4,0,1,1,2,1,0,1,1,5,4,40,2,2
"109",997,2,1,1,50,80,28.8,0,-0.84802,-0.83855,-0.73172,-0.6477,1.12357,0.33288,-0.90756,-1.79849,-0.98375,0.44582,-0.78406,0.79024,0.6656,0.14154,-0.12661,-0.97719,-0.87796,3,0,0,1,0,3,3,3,3,3,0,0,0,0,1,1,1,9,0,0,0,1,0,0,2,12,25,25,4,2,0,0,0,2,1,1,1,1,5,4,24,1,2
"110",1000,2,1,1,42.5,80,36.7,0,-0.05702,-0.78777,-0.73251,-0.80053,0.77615,-0.32464,-1.05528,-1.2931,-0.61065,0.54312,-0.89852,-0.57249,1.47178,1.49158,-0.75214,-0.96928,-0.85031,3,0,0,1,2,3,3,3,3,3,0,0,0,0,1,1,1,6,0,0,0,0,0,0,1,13,22.5,20,3,1,0,0,0,2,1,0,1,0,4,3,26,1,2
"111",1001,2,1,2,80,80,30,5,-0.11901,-0.89753,0.8009,-0.97327,-1.65262,-1.61255,1.7982,0.26029,-0.50382,0.03099,-0.13077,-0.33429,-0.42098,0.34986,0.15384,-0.54854,-0.32298,5,0,0,1,1,5,2,5,5,3,0,0,1,1,0,0,1,7,0,0,0,1,0,0,2,20,40,40,4,4,1,0,1,2,1,0,1,1,4,4,40,2,1
"112",1005,2,1,1,20,80,42,0,-0.6922,1.41612,-0.05289,0.21763,0.99796,0.37278,-0.65192,-0.66608,-1.18699,-0.01875,1.10454,-0.0385,-0.22366,-0.69559,-0.03954,0.21159,-0.20989,3,0,0,1,0,0,3,3,0,3,0,0,0,0,1,0,1,8,0,0,0,1,0,0,2,7,10,10,4,2,0,0,0,2,2,0,1,1,4,5,14,2,1
"113",1007,2,1.5,2,70,80,25.7,20,-0.13021,1.45356,1.09066,1.27946,1.04145,-0.4067,-0.45516,-0.61219,0.73496,-0.31034,-0.25685,0.86064,-1.09893,-1.48563,-0.39952,0.02654,1.30903,2,0,0,1,1,0,2,2,0,2,0,0,0,0,1,0,1,8,0,0,0,1,0,0,6,15,30,40,4,4,0,0,0,2,1,2,1,3,4,4,30,2,1
"114",1010,2,1,1,70,80,20.6,0,-0.7373,-0.92555,0.46548,-1.02295,-1.9523,-1.62712,2.14228,1.11166,-0.383,0.38247,-1.01904,0.27636,0.57892,0.57511,-1.0321,0.14741,-1.66257,1,1,1,1,0,0,1,0,0,0,0,0,0,0,0,0,0,8,0,0,0,0,1,0,1,12,30,40,5,1,0,0,0,2,1,0,1,0,4,3,24,2,1
"115",1020,2,1,1,55,80,27.3,5,-0.66168,-0.89146,-0.22614,-0.88103,-0.53258,-0.28971,0.16713,1.06241,-1.32245,0.37273,0.81202,-0.14805,0.58941,0.55203,0.34248,0.73352,0.54977,2,1,0,1,3,0,2,2,0,2,0,0,0,0,1,0,1,8,0,0,0,0,1,0,2,12.5,25,30,6,2,0,0,0,2,1,1,1,1,6,5,25,2,2
"116",1030,2,2,2,30,80,38,0,0.7142,0.76621,-0.5448,0.49385,0.43783,0.77195,-0.81976,-0.63847,0.67624,-0.16335,-0.05489,0.49595,0.37294,0.81648,-1.10032,0.85899,0.76855,3,0,0,1,1,1,3,1,1,1,1,1,1,1,1,1,1,7,0,0,1,1,1,0,4,9.5,15,15,2,4,0,1,1,2,2,0,1,1,3,4,19,1,2
"117",1076,2,1.5,1.5,60,80,28,4,-0.54827,-0.16407,-0.52831,-0.97299,-2.21529,-1.71628,0.56235,-0.65046,-1.26343,0.68773,-0.72309,-1.24667,-0.09765,1.46517,0.08626,-1.37297,-0.18943,3,0,0,1,2,3,2,3,3,3,1,0,0,1,0,0,1,6,0,1,0,0,0,0,3,14,30,30,5,4,0,2,0,2,1,1,1,1,4,3,28,2,1
"118",1077,2,1,1,43,80,27.9,5,1.04454,1.47433,1.15075,1.79799,1.18929,0.68347,-0.32623,-0.05099,0.04117,1.09352,-0.64263,0.80547,-0.04604,0.44812,-1.27629,0.11143,-0.51314,4,0,0,1,2,4,3,4,4,3,1,1,0,1,1,1,1,6,0,0,0,0,0,0,4,10,18,25,3,5,0,1,0,2,2,2,1,3,4,5,20,1,2
"119",1081,2,1,1,40,80,45,0,1.54806,0.55027,0.64049,1.81573,0.77917,-0.041,0.44859,-0.44652,1.40821,1.01021,-0.95148,1.32672,0.24124,-0.27494,-1.00569,0.81765,0.68502,3,0,0,1,0,3,3,3,3,3,1,1,0,1,1,1,1,6,0,0,0,0,0,0,2,15,20,20,4,4,0,2,0,2,2,0,1,1,3,4,30,1,2
"120",1092,2,1,1,60,80,10,0,-0.72987,-0.89401,0.38428,-0.97065,-1.10062,-0.38059,0.31482,0.42628,-1.45621,-0.69244,-0.58804,-0.90508,-0.02789,0.60113,0.9515,0.05264,-0.11256,2,1,0,1,1,2,2,2,2,2,0,0,0,0,1,1,1,5,0,0,0,1,0,0,2,5,30,30,3,2,0,0,0,2,2,0,1,1,6,5,10,1,2
"121",1093,2,1,1,30,80,28,8,0.97814,-0.5931,-0.58589,-0.76524,-0.08478,-0.1058,-0.8851,0.34379,1.3066,1.17269,-0.85719,0.3893,0.45287,-1.12682,-0.27433,-0.42176,0.28396,3,0,1,1,3,2,3,2,2,2,1,1,0,1,1,1,1,5,0,0,1,1,0,1,2,7,15,15,4,3,0,1,0,2,2,0,1,1,6,6,14,1,1
"122",1105,2,1,1,75,80,12.8,0,-0.51896,0.64148,0.29497,-0.65501,-0.16511,0.65072,0.71637,0.06362,0.33429,-1.5558,-0.95488,0.01542,-0.55462,-1.33441,1.9742,-0.76112,-1.56038,2,1,0,1,3,2,2,2,2,2,0,0,0,0,1,0,1,7,0,0,1,0,0,0,2,8,35,40,2,2,0,0,0,2,2,0,1,1,6,5,16,2,2
"123",1110,2,1,1,40,80,54,0,0.61897,1.40292,-0.55763,1.76869,0.0539,1.65324,-1.13678,-1.61571,-1.27813,1.06489,-0.76822,-0.28835,0.53,0.58045,-0.25332,-0.39989,-0.72552,3,0,0,1,1,2,3,2,2,2,0,0,0,0,1,1,1,3,0,0,0,0,0,0,1,18,20,20,5,1,0,0,0,2,1,0,1,0,3,2,36,1,2
"124",1124,2,0.5,1,50,80,31.2,0,-0.00533,-0.89641,0.93637,-0.94855,-1.43784,-0.95494,-0.06483,0.59351,-0.80277,0.10746,-0.46539,-0.27283,0.58503,0.92357,0.33588,0.12966,-1.06392,3,0,0,1,0,3,2,3,3,3,0,0,1,1,0,0,1,5,0,1,0,0,0,0,1,13,25,25,3,4,1,0,1,2,1,0,1,1,2,2,26,2,2
"125",1130,2,1,1,75,80,40,5,0.96425,0.71998,1.66917,-0.72586,-0.53979,0.468,-0.71139,-0.05009,-0.18957,0.91573,-0.04693,0.53437,0.10829,0.03406,-0.0391,0.7914,1.0254,2,1,0,1,4,0,2,2,0,2,1,1,0,1,1,1,1,5,0,0,1,0,0,0,2,25,30,45,3,4,0,2,0,2,2,0,1,1,4,4,50,1,1
"126",1135,2,1,2,27,80,35.6,0,-1.10186,1.24882,-0.62804,-0.83315,-0.52813,-1.07201,-0.86587,1.37555,-1.38556,0.08682,-0.15349,-0.52791,0.69444,0.87498,-0.54519,0.04141,-0.05217,2,0,0,1,2,2,2,2,2,2,0,0,0,0,1,1,1,9,0,0,1,1,0,0,2,8,12,15,5,2,0,0,0,2,1,0,1,1,4,3,16,1,2
"127",1158,2,-1,1,35,80,20.6,0,-0.48162,-1.34077,-0.08646,0.84788,0.15491,0.44971,0.11449,-0.14481,-0.19875,-0.22419,-0.39835,0.73938,-0.38176,-0.58157,-1.01082,-0.23332,0.61117,0,1,1,0,0,0,0,0,0,0,0,0,0,0,0,1,0,4,0,0,0,0,0,1,1,6,15,20,4,1,0,0,0,2,1,0,2,0,3,2,12,1,5
"128",1227,2,1,1,53,80,18.1,0,-0.06382,-0.80961,0.3097,-0.89266,-1.12996,-0.85429,0.28671,0.63443,0.44095,0.0246,-0.21863,-0.84136,0.35444,0.89952,0.20219,0.22153,-0.02163,5,1,1,1,0,5,0,5,5,0,0,0,0,0,0,0,0,8,0,0,0,0,0,0,2,8,23,30,3,2,0,0,0,2,2,0,1,1,3,4,16,2,2
"129",1228,2,1,1,36,80,40,0,-0.7345,-0.88984,-0.7029,-0.07732,-0.97098,-1.64464,-0.38888,1.33525,-0.62105,0.24355,0.73359,-0.2841,-0.11549,0.35395,-0.19829,-0.00816,-0.22585,5,1,1,1,6,0,5,0,0,0,0,0,0,0,0,1,0,8,0,0,1,0,0,1,1,12,18,18,5,1,0,0,0,2,1,0,1,0,4,0,24,1,2
"130",1233,2,2,2,20,80,36,8,-0.65606,0.55569,-0.45904,-0.00234,0.29453,-0.20148,0.24272,1.32735,-0.82609,-0.52303,-0.32083,-0.12682,0.32921,-0.86003,0.33196,0.83701,0.73195,3,0,0,1,1,0,3,3,0,3,0,0,0,0,1,0,1,6,0,0,0,1,0,0,2,6,10,10,6,2,0,0,0,2,1,0,1,0,6,6,12,2,1
"131",1243,2,1,1,35,80,37.7,0,-0.48982,-0.8607,0.10202,-0.86474,-1.90581,-1.1145,0.87376,0.75923,1.43667,0.14442,0.81264,-1.82444,0.3182,1.05699,-0.17966,-0.0322,0.06635,0,1,1,1,0,0,0,0,0,0,1,1,0,1,0,1,0,12,0,0,0,0,0,0,3,11,15,20,3,6,0,2,0,2,2,1,1,2,3,3,22,1,2
"132",1247,2,1,1,32.5,80,18.5,0,-0.98962,-0.92312,1.62125,0.93703,-0.23022,-0.58973,1.04411,-0.96219,0.90703,-0.92931,-0.51804,-0.11768,-0.14609,0.81461,-0.93473,0.83349,0.96824,0,1,1,1,0,0,0,0,0,0,0,0,0,0,0,1,0,0,0,0,0,0,0,0,2,5,15,17.5,5,2,0,0,0,2,2,0,1,1,2,3,10,1,5
"133",1248,2,2,2,50,80,26.4,0,-1.56919,-1.70544,-2.32513,-1.88086,-3.20858,-2.84463,-2.04785,-2.49422,-2.58311,0.15782,0.43967,-0.38109,-0.05514,0.38676,1.01048,-0.80909,-0.05399,0,1,1,1,0,0,0,0,0,0,1,0,0,1,0,0,0,9,0,0,0,1,0,0,4,11,20,30,4,4,0,2,0,2,2,0,1,1,4,5,22,2,7
"134",1249,2,-1,0.5,60,80,30,0,-0.91785,-0.91588,-0.36533,1.72704,0.20658,0.24279,-0.77681,-0.5876,-1.14769,0.99675,-0.2112,-0.34382,-0.20678,1.42853,-0.00963,0.05988,-0.13976,0,1,1,0,0,0,0,0,0,0,0,0,0,0,0,0,0,9,0,0,0,0,1,0,2,15,30,30,4,4,0,0,0,2,4,0,-1,-1,3,3,30,2,2
"135",1276,2,1,1,35,80,34.3,8,-0.33903,-0.85974,0.061,-0.89126,-0.78958,-0.40239,0.10391,0.54464,-0.60439,-0.30075,2.12122,-0.42259,-0.10369,0.46845,-0.28223,-0.24373,-1.2904,0,1,1,1,6,0,0,0,0,0,0,0,0,0,0,0,1,8,0,0,1,1,0,0,3,10,15,20,4,3,0,0,0,2,2,1,1,2,4,4,20,2,2
"136",1292,2,1,1,50,80,36,10,-0.79773,1.51032,2.1225,1.63012,-0.64079,-0.74947,-0.34967,1.51726,0.07106,0.01234,1.52941,-0.20667,0.44089,0.34227,0.27538,-0.59818,0.52747,3,0,0,1,2,3,3,3,3,3,0,0,0,0,1,1,1,5,0,0,1,1,0,0,1,15,30,20,2,1,0,0,0,2,1,0,1,0,4,3,30,1,2
"137",1296,2,1,1,55,80,24,0,-0.01318,0.61068,-0.49199,0.9432,0.99699,1.05032,-0.75016,0.50922,-0.65784,1.49923,-0.2409,0.84896,0.89545,-0.08247,-0.62058,-0.83532,0.26984,3,0,0,1,0,3,3,3,3,3,0,0,0,0,1,1,1,5,0,0,0,0,0,0,2,11,25,30,3,2,0,0,0,2,2,0,1,1,5,6,22,1,1
"138",1330,2,1,1,30,80,20,30,0.42724,1.43163,1.25254,-0.68333,0.02327,0.71521,0.30099,1.50237,0.64377,0.87128,-0.60298,0.45101,1.46221,0.01456,0.93978,0.18143,1.05826,2,1,0,1,2,0,2,2,0,2,0,0,0,0,1,1,1,9,0,0,0,1,0,0,2,5,15,15,3,2,0,0,0,2,2,0,1,1,6,6,10,1,2
"139",1332,2,1,1,30,80,32,10,-0.68608,-0.86183,-0.68248,-0.92221,-1.46945,-0.86356,0.16343,1.51982,-0.54465,0.29912,-0.39388,-0.74732,0.3643,1.05361,-0.15063,-0.73069,-0.41355,3,1,1,1,4,0,3,0,0,0,0,0,0,0,0,0,0,3,0,1,1,0,0,0,1,8,15,15,4,1,0,0,0,2,1,0,1,0,5,4,16,2,1
"140",1347,2,1,1,50,80,28.8,5,0.64945,1.41796,-0.03567,0.23293,1.29526,0.89436,-0.06936,0.07683,0.62172,1.01404,-0.44903,0.26103,0.41124,-0.17252,0.84719,-0.23244,0.09446,2,0,0,1,1,2,2,2,2,2,0,0,1,1,1,1,1,6,0,0,0,0,0,0,1,12,25,25,3,2,0,0,1,2,1,0,1,0,6,3,24,1,2
"141",1356,2,1,1,35,80,24,0,1.89821,0.74662,1.82361,1.01233,1.11227,1.14285,0.85491,0.52167,0.71009,-0.56303,-0.02551,-1.49675,0.366,0.51974,0.37692,0.15094,-0.38985,0,1,1,1,0,0,0,0,0,0,0,0,0,0,0,0,0,8,0,0,0,0,0,0,2,7,15,20,3,2,0,0,0,2,2,0,1,1,3,3,14,2,7
"142",1371,2,1,2,35,80,20.6,0,0.21341,-0.87015,1.00975,-1.19622,-1.43784,-0.52405,-0.36208,0.53798,-0.604,-0.5126,-0.13872,-0.92208,0.75554,0.7354,-0.38644,0.05649,-0.47434,0,1,1,1,0,0,0,0,0,0,0,0,0,0,0,1,0,4,0,0,0,0,0,0,2,6,15,20,5,2,0,0,0,2,1,0,1,1,2,3,12,1,5
"143",1382,2,0.8,1.3,30,80,40,0,-0.54119,1.52197,2.03305,1.79557,0.83576,0.19226,0.02649,-1.94368,-0.06953,-0.37503,0.98049,0.12922,0.99629,1.30498,-0.89247,0.2999,0.89888,4,0,0,1,0,0,4,3,0,3,0,0,1,1,1,0,1,0,0,0,0,0,0,0,4,10,15,15,6,6,1,0,0,2,1,2,1,4,3,3,20,2,5
"144",1397,2,1,1,45,80,9.3,0,-0.51651,1.41063,0.20339,0.03007,-0.73135,-0.42081,1.79867,1.7276,1.12537,0.90574,-0.25894,-0.74687,0.57574,0.74477,1.268,-0.70827,-0.88363,3,0,0,1,5,3,3,3,3,3,0,0,0,0,0,0,1,7,0,0,1,0,1,0,1,3.5,20,25,3,1,0,0,0,2,1,0,1,0,4,3,7,2,2
"145",1403,2,1,1,35,80,27.4,0,-0.77786,-0.83007,3.01181,-0.9975,-1.83779,-1.48324,2.53257,1.6485,0.93683,0.4134,-1.36956,-0.35808,1.27145,1.40482,0.56004,0.6952,-0.38743,1,1,1,1,6,1,1,1,1,0,0,0,0,0,0,1,1,4,0,0,1,1,0,0,2,8,17.5,17.5,5,2,0,0,0,2,2,0,1,1,5,5,16,1,2
"146",1404,2,1,1,50,80,14.4,0,-0.80462,-0.18569,0.53818,-0.10153,-1.09832,-0.59474,1.24264,1.48082,-0.50633,-1.67269,-0.04535,-0.81443,-0.64871,1.1439,0.57319,-0.90757,-0.51435,2,0,0,1,2,0,2,2,0,2,0,0,0,0,1,0,1,5,0,0,0,0,0,0,2,6,25,25,4,2,0,0,0,2,2,0,1,1,6,5,12,2,2
"147",1411,2,0.5,0.5,30,80,20,5,-0.45005,1.44855,-0.50252,1.02721,0.23039,0.4192,-0.41783,0.09989,1.18177,0.17608,0.91051,-0.18882,0.84977,-0.41612,1.03136,0.33923,0.33705,3,0,0,1,3,1,3,1,1,1,0,0,0,0,1,1,1,5,0,1,1,1,0,0,1,5,15,15,2,2,0,0,0,2,2,0,1,1,6,3,10,1,1
"148",1423,2,1,1,70,80,22.3,0,-0.27642,0.50532,0.57365,-0.54784,-0.6463,-0.93648,1.20698,1.13149,-0.42748,0.17862,-0.81614,0.17633,-0.22353,-1.03708,-0.21135,-0.10464,0.18178,1,1,1,1,4,1,0,1,1,0,1,1,0,1,0,1,1,5,0,0,1,0,0,0,2,13,30,40,3,5,0,2,0,2,2,0,1,1,3,4,26,1,5
"149",1430,2,0.7,0.7,45,80,13.3,0,-0.78655,-0.87866,0.33769,-0.84598,0.30591,-0.61606,-0.01917,-0.58473,-0.90194,-0.9244,-1.02457,0.15367,0.33499,0.44239,-0.39465,0.28842,0.39941,5,0,0,1,0,5,3,5,5,3,0,0,0,0,1,1,1,2,0,0,0,0,0,0,2,5,20,25,4,4,0,0,0,2,2,1,1,2,3,2,10,1,5
"150",1438,2,1.3,1.3,50,80,28.8,0,-0.97046,-0.86027,-0.7767,-0.81787,0.35601,-0.77084,-0.93019,-1.62895,-1.38457,-0.3115,-0.76085,0.00838,-0.86185,0.30683,-1.06555,-1.19722,-0.26341,3,0,0,1,0,3,3,3,3,3,0,0,0,0,1,0,1,7,0,0,0,1,0,0,4,12,25,25,4,3,0,0,0,2,2,1,1,2,6,4,24,2,2
"151",2000,1,1,2,35,80,34.3,0,0.41945,-0.86203,-0.67649,-0.67558,0.6616,1.93943,-0.90489,-0.30332,-1.16663,0.0062,0.533,-0.95231,0.00237,0.59663,-0.33515,-0.45217,-0.3845,5,0,1,1,4,4,5,4,4,4,0,0,0,0,0,1,1,2,0,0,1,0,1,1,2,10,15,20,5,2,0,0,0,2,1,0,1,1,3,2,20,1,2
"152",2001,1,1,1,42.5,80,16.9,0,-0.58564,0.67753,-0.55704,0.05804,-0.54958,-0.90102,0.0067,-0.86478,0.51589,-0.65385,0.35928,-0.09728,0.17553,0.19879,0.26896,0.47875,1.27609,3,0,0,1,2,2,3,2,2,2,0,0,0,0,0,1,1,4,0,0,1,0,1,0,1,6,17.5,25,3,1,0,0,0,2,1,0,1,0,6,3,12,1,2
"153",2003,1,1,1,30,80,12,0,0.80764,0.77304,-0.69133,1.78126,-0.28736,1.28129,-1.05018,-1.62656,-1.1277,-0.42543,-0.60379,-0.96737,-1.1203,-0.09634,-1.07927,0.17874,0.12714,0,1,1,1,0,0,0,0,0,0,1,1,0,1,0,1,0,0,0,0,0,0,0,0,2,3,15,15,3,3,0,1,0,2,1,0,1,1,3,4,6,1,5
"154",2004,1,1,1,60,80,36,0,1.93731,-0.58476,-0.6224,-0.81993,-0.56705,-0.53919,-0.70225,-0.01239,0.56265,0.53044,-0.64117,0.45934,-0.73555,-1.47004,-0.14675,0.08633,-0.44068,4,0,0,1,0,4,4,4,4,4,0,0,1,1,1,1,1,5,0,0,0,0,0,0,2,18,35,25,2,4,1,0,1,2,-1,-1,1,1,4,5,36,1,2
"155",2005,1,1,1,60,80,32,0,-0.59934,-0.87433,-0.67195,-0.86572,-0.27135,-1.20752,-0.66685,-0.60307,-0.98602,-0.05173,0.16804,0.12304,-0.7362,0.36816,0.5844,0.0775,-0.69984,3,0,0,1,1,0,3,3,0,3,1,1,0,1,1,1,1,6,0,0,0,0,0,0,3,16,30,30,3,6,0,3,0,2,0,1,1,2,2,6,32,1,2
"156",2006,1,1,1,100,80,50.4,0,0.21665,1.35455,-0.0883,1.78188,0.7635,1.26775,-0.90485,0.42452,-0.49852,0.5252,-0.35747,0.70836,-0.20077,-1.08127,-1.20246,-0.39184,-1.00206,4,0,0,1,0,4,4,4,4,4,0,0,0,0,1,1,1,7,0,0,0,0,0,0,2,42,50,50,4,2,0,0,0,2,-1,-1,1,1,3,4,84,1,2
"157",2007,1,1,1,60,0,20,0,1.17215,1.4533,0.94515,1.10563,1.30023,1.56836,0.73541,0.16641,1.24616,0.4635,0.09169,1.17737,0.42716,-0.40365,1.35698,-0.85028,0.48783,2,1,0,1,0,1,2,2,1,2,1,0,0,1,0,0,0,5,0,0,0,1,0,0,2,10,25,35,3,4,0,2,0,2,1,1,1,1,3,2,20,2,2
"158",2008,1,1,1,10,0,24,0,-0.48465,0.62892,-0.7388,0.3232,-1.3157,-0.6572,-0.80194,-0.48151,-0.6444,-1.61465,-0.20156,-0.72741,0.06463,1.01083,-0.39448,-0.02488,0.60088,4,1,0,1,2,3,4,3,3,3,0,0,0,0,0,0,1,0,0,0,1,0,0,0,1,2,5,5,3,1,0,0,0,2,1,0,1,0,4,3,4,2,2
"159",2009,1,1,1,60,80,30,0,0.11682,-0.84452,-0.02759,-0.54502,-0.41697,0.07226,-0.16636,-1.37724,-0.63749,-0.18089,0.38459,-0.62471,-0.8188,-0.14956,0.29811,-0.65009,-0.50108,3,0,0,1,3,3,3,3,3,3,0,0,0,0,0,0,1,5,0,0,0,0,0,0,2,15,30,30,3,2,0,0,0,2,2,0,1,1,4,4,30,2,2
"160",2011,1,1,1,90,0,40,5,0.08785,-0.71826,-0.62403,1.27644,1.49662,0.05042,-0.26265,-0.32048,0.83606,-0.08686,-0.20587,0.26561,-0.27986,0.65958,-0.92232,-0.04277,0.29311,5,0,0,1,0,5,4,5,5,4,0,0,1,1,1,1,1,5,0,0,0,0,0,0,1,30,45,45,4,2,0,0,1,2,1,0,1,0,6,4,60,1,2
"161",2012,1,1,1.5,65,80,36.9,0,0.75521,-0.71877,-0.52755,-0.68865,1.35607,0.91677,-0.88378,-0.60198,1.17585,0.21838,0.273,0.96024,0.14197,-0.7495,-0.50934,0.55383,0.19295,3,0,0,1,0,3,3,3,3,3,0,0,1,1,1,1,1,4,0,0,0,0,0,0,3,20,30,35,3,4,0,0,1,2,2,0,1,2,4,5,40,1,2
"162",2013,1,1,1,32,80,45,0,0.25956,1.42007,0.31087,1.68119,-1.5181,-0.6395,1.52711,0.8164,0.66803,-0.15907,0.22166,-0.76456,0.12993,0.66286,-0.62493,-0.07953,-1.36287,1,1,1,1,3,0,1,0,0,0,1,1,0,1,0,1,1,8,0,0,0,0,1,1,2,12,15,17,3,3,0,1,0,2,2,0,1,1,3,3,24,1,2
"163",2014,1,1.5,1.5,90,80,28,0,0.56378,-0.81653,-0.74058,0.88292,0.728,0.82365,-0.89873,-1.62652,-0.87242,0.30797,0.24825,0.13592,0.18953,0.30364,-0.25605,0.44577,0.42552,4,0,1,1,2,3,4,3,3,3,0,0,0,0,0,0,1,4,0,0,0,0,0,1,3,21,35,55,5,2,0,0,0,2,1,1,1,1,3,3,42,2,2
"164",2015,1,1,1,40,80,45,5,-0.87659,-0.8011,-0.71152,-0.80452,0.85506,-0.13826,-0.84793,0.19069,-0.78112,0.36086,-0.64496,-0.31061,0.42666,0.03951,0.39669,-0.15018,-0.30547,4,0,0,1,0,0,4,4,0,4,0,0,0,0,1,1,1,6,0,0,0,0,0,0,2,15,20,20,3,2,0,0,0,2,2,0,1,1,6,6,30,1,2
"165",2016,1,1,1,52.5,80,22.9,0,-0.78419,1.28916,0.1102,1.55652,-1.36556,-1.00165,1.31812,0.18773,0.51276,0.97063,1.57614,-1.25241,0.15731,0.74128,0.5369,0.70621,0.13465,1,1,1,1,6,0,1,0,0,0,0,0,0,0,0,1,1,5,0,0,1,0,1,0,1,10,25,27.5,2,1,0,0,0,2,1,0,1,0,4,2,20,1,2
"166",2017,1,1,1,50,80,28.8,6,-0.47194,-0.85106,0.35942,-0.7016,0.01146,1.14667,-0.30002,-1.25216,-1.08364,0.12274,1.34384,1.07745,0.68843,-0.45726,0.3673,0.50347,0.05697,2,0,0,1,0,0,2,2,0,2,1,0,0,1,1,0,1,4,0,0,0,1,0,0,4,12,20,30,2,6,0,1,0,2,3,1,1,3,4,4,24,2,2
"167",2018,1,1.5,1.5,90,80,48,20,-0.91641,1.34299,0.70821,1.864,0.84093,1.41954,-0.51897,-0.97406,0.09254,-0.57863,0.00712,0.06668,-0.16181,-0.86303,-1.4947,0.33345,-0.81065,4,0,0,1,2,3,4,3,3,3,0,0,0,0,1,1,1,6,0,0,0,0,0,0,3,36,45,45,5,2,0,0,0,2,1,1,1,1,6,4,72,1,2
"168",2019,1,1,1,50,80,40.8,0,-0.89307,-0.7624,-0.69065,1.21232,-0.35419,-0.66547,0.55676,-0.54055,-1.17559,-0.65351,0.72304,-0.48127,0.00813,-0.85379,0.5122,-1.02069,-0.45545,3,1,0,1,0,3,3,3,3,3,1,0,0,1,1,0,1,5,0,0,0,1,0,0,2,17,25,25,4,4,0,2,0,2,2,0,1,1,3,6,34,2,2
"169",2020,1,1,1,50,80,38.4,0,-0.80414,-0.85666,-0.77192,-0.90245,-0.76245,-1.10061,-0.33001,0.11039,-0.75758,-0.01455,-0.27032,-0.08017,0.22839,0.74824,0.00174,-0.01396,-0.39308,1,0,0,1,3,1,1,1,1,1,0,0,0,0,0,1,1,6,0,0,1,1,1,0,2,16,25,25,4,2,0,0,0,2,2,0,1,1,4,6,32,1,1
"170",2021,1,1,1,37.5,80,12.8,0,-0.36914,1.07513,-0.06008,-0.14692,-0.09722,-0.22565,-0.23889,-0.29623,0.1634,-0.95747,-0.64174,-0.17596,0.37475,-0.0897,0.43776,1.4128,0.23154,0,1,1,1,0,0,0,0,0,0,0,0,0,0,0,1,0,3,0,0,0,0,0,0,3,4,15,22.5,4,3,0,0,0,2,3,0,1,2,3,2,8,1,2
"171",2022,1,0.8,0.8,60,0,28,0,0.00913,1.23288,-2.12827,0.11327,-1.00671,-0.06197,-2.39908,-2.36812,-2.28927,-1.33616,-0.1447,-0.86692,0.43693,0.81943,-0.02689,-0.54473,0.06957,1,1,0,1,3,1,0,1,1,1,0,0,0,0,0,1,0,4,0,0,1,0,1,0,3,14,30,30,4,4,0,0,0,2,4,0,1,3,2,4,28,1,5
"172",2023,1,1,1,40,80,36,0,-0.91956,-0.56576,0.0096,0.88992,0.65044,0.42676,0.8813,0.42455,0.65141,0.16337,-0.7081,0.72423,0.79183,0.03796,1.14346,-0.46486,0.45457,4,1,0,1,2,4,2,4,4,2,0,0,0,0,1,0,1,4,0,0,0,0,0,0,1,12,15,25,3,1,0,0,0,2,1,0,1,0,4,3,24,2,2
"173",2024,1,1.5,1.5,40,80,51,0,-0.49972,-0.83278,-0.66443,-0.82218,0.37183,-0.78621,-0.63534,0.61717,-0.2747,-0.89527,1.23735,0.08127,0.26235,-0.31542,-0.43527,0.01484,0.53427,2,1,0,1,0,1,2,1,1,1,1,0,0,1,0,0,1,5,0,0,0,1,0,0,3,17,20,20,4,3,0,1,0,2,2,0,1,1,5,5,34,2,1
"174",2025,1,1,1,85,80,25.4,0,-0.3949,1.22088,-0.59464,-0.38292,0.34606,-0.34541,-0.16539,0.98953,0.3172,0.56961,1.60378,0.08753,-0.51323,-0.93462,-0.66792,0.16104,-0.69367,3,1,0,1,0,3,3,3,3,3,0,0,0,0,1,1,1,4,0,0,0,0,0,0,2,18,45,40,3,2,0,0,0,2,1,1,1,1,3,3,36,1,2
"175",2026,1,2,2,45,80,26.7,0,-0.31337,0.66351,-0.42189,-0.77887,0.73148,-0.73738,1.96208,1.02859,0.03322,-0.82522,1.45632,1.34097,-0.16609,-0.3675,-0.8712,0.13277,0.49521,2,1,1,1,1,0,2,1,0,1,0,0,0,0,1,1,1,5,0,0,0,1,0,1,4,10,15,30,3,2,0,0,0,2,2,0,1,1,4,4,20,1,1
"176",2027,1,1,1,90,80,26.7,0,-0.36759,0.51863,-0.83645,-0.98354,-1.32675,-0.99456,-1.04109,-0.369,-1.65567,-0.01976,-0.24682,0.07928,0.20012,0.40755,0.11896,-0.76964,-0.4751,3,0,0,1,0,3,3,3,3,3,0,0,0,0,1,1,1,5,0,0,0,0,0,0,2,20,40,50,4,2,0,0,0,2,2,0,1,1,5,5,40,1,2
"177",2028,1,1.5,1.5,100,80,38.4,5,-0.7626,-0.81475,-0.52433,-0.66223,1.07648,1.3642,-0.80293,-0.95765,-0.17281,-1.67369,-0.60473,0.11834,-0.82538,0.61102,0.14884,-1.22547,-0.29581,4,0,0,1,0,0,4,4,0,4,0,0,0,0,1,1,1,8,0,0,0,0,0,0,3,32,50,50,4,2,0,0,0,2,1,1,1,1,3,4,64,1,2
"178",2029,1,2,2,80,80,52.5,0,-0.52275,-0.90171,-0.19839,-0.5855,-0.53839,-0.80324,-0.28207,0.66264,-0.72616,0.33625,0.4314,0.3887,0.02061,0.26102,0.59981,-0.3557,-0.30404,4,0,0,1,0,4,4,4,4,4,0,0,0,0,1,0,1,7,0,0,0,0,0,0,4,35,40,40,3,2,0,0,0,2,2,0,1,1,4,3,70,2,2
"179",2030,1,1.5,1.5,20,64,30,0,1.7238,-0.46226,0.36104,1.93452,1.48412,1.602,0.80777,0.20071,1.86271,1.30335,0.94926,0.17543,1.02195,-0.85127,-0.38034,0.83351,0.29178,3,0,0,1,3,3,2,3,3,2,1,1,1,1,0,1,1,3,0,0,0,0,1,0,3,5,10,10,3,4,0,1,1,2,1,1,1,1,4,5,10,1,2
"180",2031,1,0.5,1,25,80,9.6,0,-1.01863,0.68328,-0.34047,1.24169,0.09297,0.70369,-0.03514,-0.28773,1.2997,-0.45103,0.26788,-0.38969,0.73622,0.02219,0.56467,-0.44356,0.39898,3,1,0,1,5,0,3,3,0,3,0,0,0,0,0,1,1,9,0,0,0,1,0,0,1,2,10,15,4,2,0,0,0,2,1,0,1,1,6,3,4,1,1
"181",2032,1,1,2,17,80,21.2,0,1.04718,1.38792,-0.02049,0.97432,0.72395,-0.13396,1.93392,-0.49834,0.68959,-0.30644,0.04137,-0.18772,-0.89486,0.39126,1.40637,-0.85988,-0.56439,1,1,0,1,0,1,0,1,1,1,0,0,0,0,0,1,0,8,0,0,0,0,0,0,2,3,7,10,4,2,0,0,0,2,1,0,1,1,3,4,6,1,5
"182",2033,1,1,1.5,6,80,30,0,0.45369,0.68826,1.22873,0.83118,-1.86945,-0.12258,-0.6023,0.92417,0.52017,-1.59178,0.33079,-0.90492,0.60062,1.489,-0.87535,0.42184,0.43754,0,1,1,1,0,0,0,0,0,0,0,0,0,0,0,1,0,5,0,0,0,0,0,0,3,1.5,3,3,0,-1,-1,-1,-1,2,2,0,1,2,3,0,3,1,2
"183",2034,1,1,1,70,80,42.9,0,0.04311,-0.88538,0.05113,-0.83309,0.57189,0.36978,1.70898,1.62783,0.61567,0.40027,-0.85294,0.87167,1.16223,0.18673,-0.01364,1.30386,-0.04907,1,1,1,1,2,0,1,0,0,0,0,0,0,0,0,1,1,5,0,0,1,1,0,1,2,25,35,35,5,2,0,0,0,2,1,1,1,1,3,2,50,1,5
"184",2035,1,1,1,80,80,37.5,0,-0.46353,-0.84334,-0.74149,-1.0834,-0.27188,0.70892,-0.99636,-0.85738,-1.15619,-0.36293,0.0846,-0.04707,-1.24932,0.42226,1.31794,-0.92563,-0.95607,3,0,0,1,0,3,3,3,3,3,0,0,0,0,1,0,1,5,0,0,0,0,0,0,1,25,40,40,5,1,0,0,0,2,1,0,1,0,6,3,50,2,2
"185",2036,1,1,1,55,0,21.8,0,-1.10679,-0.78569,2.04238,-0.84517,-0.82814,-0.60375,-0.91238,-1.52812,-1.40896,0.41363,0.31198,0.18089,-1.09686,-0.12522,-0.58392,-0.29844,0.06022,1,0,0,1,0,1,1,1,1,1,0,0,0,0,0,0,1,8,0,0,0,0,1,0,2,10,27.5,27.5,6,2,0,0,0,2,2,0,1,1,3,4,20,2,2
"186",2037,1,1.5,1.5,60,80,36,40,1.03026,1.4912,0.03491,1.86458,0.57513,0.93405,-0.28282,-0.60061,-0.15961,0.1295,-0.05811,-0.37304,-0.03145,-1.44439,-0.42226,0.14701,-0.13765,5,0,0,1,4,4,5,4,4,4,1,0,0,1,0,0,1,6,0,0,0,0,0,0,3,18,30,30,4,3,0,1,0,2,2,0,1,1,3,4,36,2,2
"187",2038,1,1.5,1.5,90,80,33.3,6,-0.65425,-0.78625,-0.79215,-0.78011,0.34982,-0.34287,-0.71115,-0.30053,-0.73841,-0.3823,0.80592,-0.19905,-0.88216,1.08228,0.4913,-1.51338,-1.79639,4,0,0,1,2,4,3,4,4,4,0,0,0,0,1,0,1,2,0,0,0,0,0,0,3,25,45,45,4,2,0,0,0,2,2,0,1,1,6,6,50,2,2
"188",2039,1,1,0.5,60,80,30,40,1.48151,0.80308,-0.51385,1.07411,1.20971,1.57774,-0.39176,1.39208,1.64532,0.37917,-0.08828,-0.6441,-0.66901,0.54618,-0.82823,0.07489,-0.48474,0,1,1,1,2,0,0,0,0,0,0,0,0,0,0,1,0,4,0,0,1,0,1,0,1,15,30,30,3,2,0,0,0,2,1,1,1,0,2,2,30,1,5
"189",2040,1,1,1,45,80,29.3,0,-1.02286,-0.9478,0.00662,-0.61339,0.60274,-0.74162,-0.65149,-0.42934,0.34961,-0.16473,-0.1911,0.04806,-0.39149,0.99192,-0.78583,0.18174,0.1348,0,1,1,1,0,0,0,0,0,0,1,1,0,1,0,1,0,8,0,0,0,0,0,0,3,11,20,25,3,4,0,1,0,2,2,1,1,2,2,4,22,1,4
"190",2041,1,2,2,45,80,28,0,-0.07785,1.29802,0.41728,-0.66114,0.50718,-0.27537,0.95464,0.2549,-0.08282,0.06614,0.24498,-0.19235,0.27391,0.97303,-0.49348,-0.07738,1.05984,4,1,0,1,1,3,4,3,3,3,0,0,0,0,0,0,1,7,0,0,0,0,0,0,2,10.5,20,25,3,1,0,0,0,2,1,0,1,0,6,3,21,2,2
"191",2042,1,1,1,60,0,22,0,-0.57349,-0.2292,-0.76012,-0.51889,1.14541,0.70869,-0.92556,-1.33249,-0.2251,-0.20418,-0.30054,0.24538,-0.34121,-1.33128,-0.17253,0.39908,-1.49685,5,0,1,1,0,0,5,0,0,0,0,0,0,0,0,1,1,4,0,0,0,0,0,0,1,11,30,30,4,1,0,0,0,2,1,0,1,0,3,2,22,1,4
"192",2043,1,1,1,25,80,24,0,-0.62945,-0.85398,0.15882,-0.83345,-0.09501,-1.12898,-0.90417,-1.27017,0.02631,0.02197,-0.28341,-0.07666,0.50855,0.69071,0.18373,0.09361,-0.87374,2,1,0,1,0,2,2,2,2,2,0,0,0,0,1,0,1,4,0,0,0,1,0,0,1,5,10,15,4,1,0,0,0,2,1,0,1,0,6,4,10,2,1
"193",2044,1,0,0,35,80,30.9,0,-0.76938,1.40466,0.62782,-0.33966,0.42127,-0.5984,0.14506,0.30032,0.49737,-0.32753,1.9594,0.50472,-0.54318,-0.08153,0.80788,0.13293,-0.37832,3,0,1,1,3,0,3,0,0,0,1,1,0,1,0,1,1,2,0,0,1,0,0,1,0,9,15,20,4,4,0,1,0,2,2,1,1,2,2,2,18,1,2
"194",2045,1,2,2,55,80,43.6,0,-0.63693,-0.99499,-0.61433,-0.39166,0.3805,0.12306,0.08937,0.07769,0.28905,1.25136,-0.50525,0.07566,0.63822,0.41859,0.534,0.04884,-0.2335,0,1,1,0,0,0,0,0,0,0,0,0,0,0,0,1,0,0,0,0,0,0,0,0,2,20,27.5,27.5,5,2,0,0,0,2,1,0,2,1,2,4,40,1,5
"195",2046,1,1.3,1.3,45,80,18.7,35,0.07548,1.30263,-0.27946,-0.77429,-0.45026,-0.20603,-0.55083,1.68056,0.6374,-0.11963,1.7618,-0.16369,-0.68067,-1.24302,-1.5247,0.47856,0.01271,1,0,0,1,5,1,1,1,1,1,0,0,0,0,1,1,1,4,0,0,1,1,0,0,5,7,20,25,4,4,0,0,0,2,2,2,1,3,3,6,14,1,1
"196",2047,1,1,1,30,80,28,0,-0.71142,-0.83499,-0.63169,-0.87955,-0.38254,-0.80584,-0.68484,-0.01829,0.32793,-0.33446,1.49657,-1.20997,1.32791,0.72333,-0.38388,0.6662,0.79318,2,1,0,1,3,0,2,2,0,2,0,0,0,0,1,0,1,4,0,0,1,1,0,0,1,7,15,15,4,1,0,0,0,2,1,0,1,0,6,5,14,2,2
"197",2048,1,0.8,0.8,50,80,36,10,-0.0774,1.42755,-0.55908,0.97933,-0.02162,0.31927,-0.60269,1.51505,1.4246,0.00328,1.45141,0.13434,-0.51593,-1.17068,0.08288,0.87616,1.41642,2,1,0,1,2,2,2,2,2,2,0,0,0,0,0,1,1,7,0,0,0,0,0,0,3,15,30,20,4,4,0,0,0,2,2,2,1,3,3,4,30,1,2
"198",2049,1,2,2,28.5,80,33.7,10,1.73242,-0.57014,-0.6965,-0.96147,-1.15858,-1.09878,-0.47958,0.04739,-1.24402,-0.15062,-0.09332,-0.20456,-0.6999,-0.32365,-0.46988,-0.32846,0.00149,3,0,0,1,0,3,3,3,3,3,1,1,0,1,1,1,1,7,0,0,0,1,0,0,4,8,13.5,15,4,4,0,2,0,2,2,0,1,1,6,6,16,1,1
"199",2050,1,1,1,50,80,40.8,0,0.09457,-0.63801,-2.17808,-0.71832,0.27039,0.43844,-2.36018,-2.33751,-2.30996,0.05946,1.48266,0.01497,-0.19913,0.44616,-0.88426,0.56267,0.2778,4,0,0,1,1,4,4,4,4,4,0,0,0,0,0,1,1,6,0,0,0,0,0,0,2,17,25,25,4,2,0,0,0,2,1,1,1,1,5,3,34,1,2
"200",2051,1,1,1,100,80,20.4,10,1.90004,-0.57783,-0.5024,1.61979,-0.26318,-0.45334,-0.726,-0.11925,0.44432,0.64016,0.44192,0.24332,-1.11117,-0.70277,-0.54397,-0.29094,1.19035,2,1,0,1,0,1,2,1,1,1,0,0,1,1,0,1,1,5,0,0,0,1,0,0,2,17,25,75,3,4,0,0,1,2,2,0,1,1,3,5,34,1,1
"201",2052,1,1,1,150,80,44,0,-0.36653,0.11524,0.28665,0.92238,0.62601,0.41997,0.38423,0.5037,1.0739,0.29407,-0.18195,1.04652,1.01675,0.08929,-0.20372,0.47806,0.91329,3,0,0,1,0,0,3,3,0,3,0,0,0,0,1,1,1,5,0,0,0,0,0,0,2,55,75,75,4,2,0,0,0,2,1,1,1,1,6,3,110,1,2
"202",2053,1,1,1,110,80,38.2,0,0.3264,1.30524,-0.62141,1.84223,-0.03993,0.8585,-0.44105,-1.03855,0.11458,-0.30745,-0.95483,0.61726,-0.53136,-0.31138,-1.73456,-0.1636,0.02806,4,0,1,1,0,4,3,4,4,4,0,0,0,0,0,1,1,0,0,0,1,0,0,1,2,35,50,60,4,2,0,0,0,2,2,0,1,1,3,4,70,1,2
"203",2054,1,1,1,70,80,22.3,0,-0.28069,-0.7643,-0.31787,-0.79168,0.81203,-0.23201,-0.67965,0.97586,0.71293,0.08519,-0.31085,-0.17459,0.33642,0.70791,0.06723,-0.40129,-0.33969,3,1,0,1,2,3,3,3,3,3,0,0,0,0,0,1,1,3,0,0,0,0,0,0,1,13,35,35,4,1,0,0,0,2,1,0,1,0,6,3,26,1,2
"204",2055,1,1,1,40,80,30,0,-0.97665,-0.82809,-0.29248,-0.20692,0.58325,0.85047,-0.76784,0.39088,-1.23144,1.34212,-0.72681,1.25667,0.8636,-1.04558,-0.4783,0.97512,0.9921,3,0,1,1,0,3,3,3,3,3,0,0,0,0,0,1,1,2,0,0,0,0,0,1,2,10,20,20,5,2,0,0,0,2,2,0,1,1,3,4,20,1,2
"205",2056,1,1,1,10,80,24,0,-0.23919,0.70244,-0.65242,0.68996,0.29323,-0.22253,-0.47309,-0.53586,0.44737,-0.9326,-1.14675,0.06532,-0.19784,-0.83965,0.08985,-0.83211,-0.70476,3,0,0,1,2,3,3,3,3,3,1,1,0,1,1,1,1,7,0,0,0,0,0,0,2,2,5,5,3,3,0,1,0,2,2,0,1,1,4,3,4,1,2
"206",2057,1,1.5,1.5,105,80,51.4,0,1.03383,1.49427,-0.46265,1.90897,1.30737,1.27996,-0.61953,-0.78091,0.94011,0.92256,0.54722,1.05398,-0.01156,-0.66563,0.0652,0.07888,0.96639,4,0,0,1,0,4,3,4,4,3,1,0,1,1,1,0,1,7,0,0,0,0,0,0,3,45,45,60,4,7,0,3,2,2,1,1,1,1,5,4,90,2,2
"207",2058,1,0.5,0.5,30,80,8,4,1.43449,-0.61628,-0.06338,0.93204,0.0221,0.07664,0.11384,-0.90136,0.4326,0.16262,0.57964,0.18583,-0.81733,-0.46293,-0.65721,0.00925,0.78107,3,1,1,1,2,3,3,3,3,2,1,1,1,1,0,1,1,4,0,0,1,0,1,1,1,2,15,15,2,5,0,2,1,2,1,1,1,1,3,2,4,1,2
"208",2059,1,1,2,75,80,20.8,0,1.97219,0.7474,-0.62743,-0.69273,0.09748,-0.55843,-0.63577,-0.49667,-0.02066,0.43925,-0.0288,0.80399,-1.82886,-1.20055,2.02386,-1.0216,-0.17758,4,0,1,1,0,3,4,3,3,3,1,1,1,1,1,1,1,5,0,0,0,0,0,0,2,13,30,45,3,4,1,1,0,2,1,0,1,1,3,3,26,1,2
"209",2060,1,0.7,0.7,40,80,45,0,1.7918,1.50315,-2.13289,1.42981,0.54552,0.52232,-2.20581,-2.84379,-1.77483,0.08617,1.39746,-0.78149,-0.3494,-0.29704,0.80588,0.35499,0.61122,1,1,1,1,0,1,0,1,1,0,1,1,1,1,0,1,0,4,0,0,0,0,0,0,2,15,20,20,3,5,0,1,1,2,2,1,1,2,3,2,30,1,2
"210",2061,1,1,1,60,80,60,0,1.75725,1.52374,-0.4806,1.89793,1.28117,1.54905,-0.75446,-0.26485,-0.11714,-0.55523,-0.09943,0.17388,0.01574,-0.02362,-0.18024,0.27015,0.68525,4,0,0,1,0,4,4,4,4,4,1,1,1,1,1,1,1,4,0,0,0,0,0,0,2,30,27.5,32.5,3,6,1,3,0,2,2,0,1,1,3,3,60,1,2
"211",2062,1,1.5,1.5,95,80,22.7,0,0.57257,-0.82622,-0.41922,-0.7215,0.95083,1.36472,-0.04063,-0.39303,-0.37769,0.43613,0.51872,0.18107,0.71739,0.06913,-0.20343,-0.49418,0.18958,4,0,0,1,0,1,4,3,1,3,0,0,0,0,1,1,1,2,0,0,0,0,0,0,3,18,45,50,3,2,0,0,0,2,2,0,1,1,3,5,36,1,2
"212",2063,1,1,1.5,160,0,37.5,20,-0.71794,1.42593,2.68416,1.53748,-1.86686,-1.77996,-0.46684,0.40308,-1.18975,-0.7348,1.24253,-0.31555,0.03439,-0.42832,-0.34993,1.38172,0.41585,2,1,1,1,0,0,2,0,0,0,0,0,0,0,0,0,1,6,0,0,1,1,0,0,3,50,80,80,5,3,0,0,0,1,2,0,1,2,6,0,100,2,1
"213",2064,1,1.5,1.5,90,0,44,0,1.88745,1.51855,-0.66481,1.90748,0.86806,1.2757,-0.96199,-1.54935,0.05341,0.36141,-0.63466,0.72853,-1.27354,0.04864,-1.42841,-0.10532,-0.72385,5,0,0,1,4,5,5,5,5,5,1,1,1,1,1,1,1,4,0,0,0,0,0,0,3,33,45,45,3,4,0,1,1,2,2,0,1,1,3,4,66,1,2
"214",2065,1,0.5,0.5,20,80,3,2,0.12197,-0.19311,0.94916,1.74538,-0.22784,0.2286,-0.58583,-1.39426,0.81023,0.67329,-0.4222,-0.2317,0.34448,-0.2497,0.1264,-0.96637,0.00262,4,0,1,1,1,4,4,4,4,3,0,0,0,0,0,1,1,7,0,0,0,0,0,1,1,0.5,10,10,2,2,0,0,0,2,2,0,1,1,4,3,1,1,2
"215",2066,1,2,2,28,80,34.3,0,0.77852,1.48842,0.67389,1.41239,-0.45187,0.75536,0.93273,-0.41871,0.60786,0.05833,0.83666,-0.54877,-0.39873,-0.09917,0.16963,0.44378,0.1972,2,1,1,1,0,0,2,2,0,2,0,0,0,0,0,1,0,7,0,0,0,1,1,1,6,8,13,15,4,3,0,0,0,2,2,1,1,2,3,4,16,1,1
"216",2067,1,0.7,0.7,16,0,22.5,0,-0.90404,-0.84735,-0.53936,-0.88633,-0.01679,-0.86036,0.30334,0.50107,-0.68614,0.16944,-0.94928,-0.0352,1.11856,0.60296,0.35405,-0.72641,1.03061,4,0,0,1,2,0,4,4,0,4,0,0,0,0,0,0,1,8,0,0,0,0,0,0,2,3,8,8,4,3,0,0,0,2,3,0,1,2,6,6,6,2,2
"217",2068,1,2,2,25,0,19.2,0,-0.35494,0.65088,1.165,1.76408,0.28614,-0.13607,1.2043,0.83096,0.88981,-0.19325,-0.94428,0.54899,-0.4543,0.53767,-0.27502,-0.73076,0.3288,3,1,1,1,6,0,3,0,0,0,0,0,0,0,0,1,1,7,0,0,1,0,0,0,2,4,10,15,5,1,0,0,0,2,1,0,1,0,3,2,8,1,5
"218",2069,1,0.5,1,50,80,24,40,0.12812,-0.56629,-0.73547,0.70293,-0.48077,-1.02204,-0.24865,-0.90163,-1.36049,-1.20199,-1.11392,0.02746,-0.74167,-0.41741,-1.26219,0.42655,-0.42503,4,0,0,1,5,4,4,4,4,4,0,0,0,0,1,1,1,4,0,0,0,0,0,0,1,10,25,25,4,2,0,0,0,1,1,0,1,1,3,3,20,1,5
"219",2070,1,1,1,20,80,6,0,-1.14821,1.34744,0.17319,0.17071,0.11669,-0.62251,-1.16584,-0.47806,0.03701,-0.89782,-0.06589,-0.13181,-0.47009,0.5078,-0.19478,-0.37785,-0.07831,4,0,0,1,0,4,4,4,4,4,0,0,0,0,1,0,1,5,0,0,0,0,0,0,1,1,10,10,4,1,0,0,0,2,1,0,1,0,4,3,2,2,4
"220",2071,1,0,0,95,80,63.2,0,-0.37134,1.40446,0.77741,0.86306,-1.17326,-1.15905,0.51194,-0.48296,0.19101,-0.60964,-0.30079,0.15053,0.1109,0.29278,-0.04295,0.5921,0.57546,3,1,0,1,4,3,2,3,3,2,0,0,0,0,0,1,0,5,0,0,0,0,0,0,0,50,45,50,5,2,0,0,0,2,2,0,1,1,2,3,100,1,5
"221",2072,1,0.5,1,45,80,45.3,10,1.55638,0.83844,0.53232,0.19861,0.58414,1.05664,0.60271,0.06949,1.46876,0.27658,0.45905,-0.23216,0.80894,-0.77725,1.83716,-0.44578,-0.10381,4,1,0,1,0,4,3,4,4,4,0,0,1,1,1,0,1,3,0,0,0,0,0,0,2,17,20,25,3,4,1,0,0,2,2,0,1,3,4,5,34,2,2
"222",2073,1,1,2,55,80,17.4,0,-0.60952,-0.79206,-0.65302,-0.77529,0.44681,0.20355,-1.0169,-0.07271,-0.64976,-0.43245,-0.3929,0.39537,0.33965,-0.8836,-0.29273,0.07409,-0.12717,5,0,0,1,4,5,4,5,5,4,0,0,0,0,1,0,1,6,0,0,1,0,0,0,2,8,25,30,6,2,0,0,0,2,1,0,1,1,6,5,16,2,2
"223",2074,1,1.3,1.3,55,80,28.4,0,-0.58809,1.42954,-0.57001,1.07667,0.95155,1.14195,-0.99836,-0.63335,0.2387,0.28077,-1.2539,1.06849,0.12776,-0.77895,-1.02621,-0.52603,0.80135,5,0,1,1,1,5,4,5,5,5,0,0,0,0,0,0,1,4,0,0,0,0,0,0,5,13,20,35,4,4,0,0,0,2,3,1,1,3,3,5,26,2,2
"224",2075,1,1,1,55,80,41.5,0,-0.64881,-0.91994,-0.68343,-0.786,0.89978,-0.78792,-0.3922,-0.96835,-1.17295,0.58199,-0.26627,1.3169,-0.94067,-0.1135,-1.15724,-1.08708,-0.96233,4,0,0,1,1,4,3,4,4,3,0,0,0,0,1,1,1,4,0,0,0,0,0,0,2,19,25,30,4,2,0,0,0,2,2,0,1,1,5,5,38,1,2
"225",2076,1,0.7,0.7,60,80,30,0,-0.84146,-0.82624,-0.57935,-0.86806,-0.1885,-0.90841,-0.14693,-0.91825,-1.2484,0.60745,-0.1219,0.90303,-0.27028,-0.2331,-1.07209,-0.09465,-1.2346,4,0,0,1,3,4,3,4,4,4,1,1,0,1,1,1,1,4,0,0,1,0,0,0,2,15,30,30,4,4,0,1,0,2,2,1,1,2,6,6,30,1,2
"226",2077,1,1,1,60,80,18,0,-0.896,-0.7971,-0.56207,-0.92106,-1.27121,-1.13056,-0.96284,-0.34404,-0.31584,0.11425,-0.22487,-0.51313,0.49124,0.90531,-1.04658,0.2033,-0.1472,5,0,1,1,2,5,3,5,5,3,1,0,0,1,0,0,1,4,0,0,0,0,1,1,3,9,30,30,3,4,0,1,0,2,2,1,1,2,3,4,18,2,2
"227",2078,1,1,1,45,80,26.7,0,0.68183,0.72531,0.81191,0.00569,-0.77484,-0.81126,0.91149,0.5658,0.36475,0.60472,0.1935,-0.49539,0.20905,-0.81199,0.50588,0.11233,0.90123,1,1,0,1,0,1,1,1,1,1,0,0,1,1,0,0,1,5,0,0,0,1,0,0,2,10,25,20,3,4,0,0,2,2,1,1,1,1,6,5,20,2,1
"228",2079,1,1,1,115,80,55.3,20,-1.13428,1.01647,0.73862,0.70943,-1.97615,-1.40822,0.33183,0.61529,0.46339,-0.16248,-0.9189,-0.31779,0.54025,0.42601,0.37303,0.18205,0.14933,0,1,1,1,0,0,0,0,0,0,0,0,0,0,0,1,1,5,0,0,0,1,0,0,1,53,55,60,3,3,0,0,0,2,1,0,1,0,5,3,106,1,2
"229",2080,1,1,1,57.5,80,18.8,10,-0.04515,1.49546,2.35225,1.78298,0.99918,-0.14198,0.89057,0.60808,1.33312,0.07148,-1.17389,0.12079,0.76479,-0.18514,-0.29153,0.94345,1.57657,3,1,0,1,4,2,3,2,2,2,0,0,0,0,0,1,1,10,0,0,0,1,0,0,2,9,20,37.5,4,2,0,0,0,2,1,1,1,1,3,2,18,1,1
"230",2081,1,1,1.3,30,0,24,0,0.28524,-0.24712,-0.62785,0.2393,0.62103,1.88432,-0.45003,-1.67759,-1.09955,-0.13596,-0.05669,-1.07507,-0.01639,-0.32844,-0.07067,0.64343,-0.73963,0,1,1,1,0,0,0,0,0,0,0,0,0,0,0,1,0,4,0,0,0,1,0,0,4,6,15,15,5,4,0,0,0,2,2,1,1,3,3,4,12,1,3
"231",2082,1,1,1,60,80,34,0,-1.00861,1.32654,-0.27637,1.8311,1.47822,0.89903,-0.83342,-1.30753,-1.10803,1.22833,-0.81753,1.05055,0.94784,0.84564,-0.51495,-0.97833,-0.45484,4,0,0,1,5,3,4,3,3,3,0,0,0,0,1,1,1,6,0,0,0,0,0,0,1,17,30,30,5,1,0,0,0,1,1,0,1,0,3,3,34,1,2
"232",2083,1,1,1,20,80,30,0,0.40758,1.4743,-0.6492,-0.51415,1.44377,0.21,-0.20013,-0.32184,0.19398,-0.24876,1.64362,0.3793,0.09556,-1.27366,0.52667,-0.09647,0.32788,3,1,0,1,2,2,3,2,2,2,1,1,1,1,1,1,1,3,0,0,1,1,0,0,1,5,10,10,3,3,0,1,1,2,1,0,1,0,3,3,10,1,1
"233",2084,1,1.3,1.3,40,0,57,0,-0.77542,1.43148,-0.62333,0.92728,-0.34609,-0.14906,-0.88412,0.46672,0.18742,0.35555,0.34681,-0.21755,0.44128,0.55637,0.35208,0.08891,0.39797,3,1,0,1,0,3,2,3,3,2,0,0,0,0,0,0,1,5,0,0,0,1,0,0,5,19,20,20,2,5,0,0,0,2,2,2,1,3,4,5,38,2,2
"234",2085,1,1,1,50,80,43.2,0,-0.1612,-0.4721,-0.47594,1.55201,0.89969,0.52944,1.1761,-0.72532,1.84989,1.10395,1.13369,0.85647,0.15131,0.15629,0.1837,0.37268,0.9706,4,1,1,1,5,0,4,0,0,0,0,0,0,0,0,0,1,4,0,0,1,0,1,1,2,18,25,25,3,2,0,0,0,2,2,0,1,1,6,4,36,2,2
"235",2086,1,1,1,55,80,28.4,0,-1.05179,-0.6628,1.22849,1.84613,0.80188,0.94817,2.24409,0.39227,1.94725,1.17093,0.59157,0.60425,0.05211,-1.10585,1.00867,1.89822,0.57374,2,0,1,1,2,0,2,0,0,0,0,0,0,0,0,1,1,4,0,0,0,0,0,0,1,13,25,30,5,1,0,0,0,2,1,0,1,0,3,2,26,1,5
"236",2087,1,1,1,10,80,12,0,0.86102,0.7613,-1.64923,0.93629,0.07789,-0.32151,-0.82229,-0.46636,0.5139,-1.19554,0.34041,-0.91315,-0.38333,0.63534,-0.36602,-0.24535,-0.34563,5,0,1,1,1,0,5,5,0,5,0,0,0,0,0,1,1,4,0,0,0,0,0,0,1,1,5,5,3,1,0,0,0,2,1,0,1,0,3,2,2,1,2
"237",2088,1,1,1.5,30,80,28,15,0.21301,1.41664,-0.0283,1.80501,1.19824,0.94578,-0.92342,0.37182,-0.12412,0.74491,0.8292,1.19555,0.98597,-0.19308,-0.1158,-0.43573,1.15302,3,0,0,1,6,1,3,3,1,3,0,0,0,0,1,1,1,4,0,0,0,1,0,0,3,7,15,15,4,3,0,0,0,2,2,0,1,2,6,5,14,1,1
"238",3000,1,1,2,150,80,32,0,0.77822,-0.7986,0.29514,-0.87246,0.16422,-0.22771,-0.25645,1.07257,0.08079,0.79704,-1.05939,0.94596,-0.56566,-1.47135,-0.45443,-0.15738,0.05156,3,1,0,1,0,3,3,3,3,3,0,0,1,1,0,0,1,6,0,0,0,1,0,0,2,40,70,80,3,4,1,0,1,2,1,0,1,1,6,3,80,2,2
"239",3002,1,1,1,85,80,14.1,0,-0.82596,-1.60067,0.85824,-1.05047,-2.15435,-1.04965,0.25167,0.57689,-1.36693,-0.59684,-0.69628,-0.41613,0.28511,0.58179,0.62636,-0.1703,0.01537,3,0,0,1,3,0,3,2,0,2,0,0,0,0,0,1,1,3,0,0,1,0,0,0,1,10,35,50,5,1,0,0,0,2,1,0,1,0,6,4,20,1,5
"240",3003,1,0.5,0.5,55,80,26.2,0,-0.60274,-0.84149,1.66589,-0.82756,0.82412,-0.3213,0.53307,0.45057,0.43603,0.21805,-0.43089,1.1136,0.55127,-0.05837,-0.14636,0.7535,-0.0459,3,0,0,1,6,0,3,3,0,3,0,0,1,1,1,0,1,4,0,0,1,0,0,0,1,12,25,30,4,5,1,0,2,2,2,0,1,1,6,3,24,2,2
"241",3004,1,1.5,1.5,80,80,27,0,-0.9957,1.26158,0.12194,0.25163,0.70192,0.623,1.20074,0.292,-0.95809,-0.25123,1.02686,0.08096,-0.143,0.58699,-1.59174,0.08533,0.06112,1,1,0,1,5,1,0,1,1,1,0,0,0,0,0,0,0,6,0,0,0,1,0,0,3,18,40,40,5,2,0,0,0,2,2,0,1,1,6,4,36,2,1
"242",3005,1,0.3,0.3,50,80,12,0,-0.78761,-0.85215,-0.71893,-0.25035,-0.32082,1.36912,0.603,-0.20121,-1.28576,0.99604,0.24223,0.52512,1.02966,0.21817,1.71712,0.96406,-0.07148,3,1,1,1,5,0,3,0,0,0,0,0,0,0,0,1,1,4,0,0,1,0,1,0,1,5,20,30,4,3,0,0,0,2,1,2,1,2,3,2,10,1,4
"243",3006,1,1,1.5,140,80,38.6,4,-0.3509,-0.84682,-0.69415,-0.86265,-0.53504,-0.37236,-1.09217,-0.70066,-0.80619,-0.21272,-1.31903,1.28371,-0.8394,-0.77648,-1.73915,0.74481,-0.49561,5,0,1,1,0,5,3,5,5,3,0,0,1,1,0,1,1,3,0,0,0,0,0,0,3,45,60,80,3,3,0,0,1,2,2,0,1,2,4,3,90,1,2
"244",3007,1,0.7,2,100,80,28.8,0,1.77602,1.5197,-0.0744,1.05545,0.78189,1.09016,-0.79067,-0.72312,-0.29096,0.84913,-0.38086,0.42902,-0.5378,-0.90738,0.48628,-0.32181,0.53339,3,0,0,1,0,3,3,3,3,3,1,0,0,1,1,0,1,6,0,0,0,1,0,0,2,24,45,55,4,5,0,2,0,2,1,0,1,2,6,4,48,2,2
"245",3008,1,2,2,120,80,35,0,-1.01145,1.32843,1.6159,1.84927,1.33211,1.03369,-0.70704,0.93339,-0.01899,0.84097,1.60976,0.51905,0.49345,0.65859,-0.93619,0.89032,-0.70963,2,1,0,1,0,0,2,2,0,2,0,0,0,0,1,0,1,8,0,0,0,1,0,0,2,35,60,60,5,1,0,0,0,2,1,0,1,0,5,4,70,2,1
"246",3009,1,0.5,0.5,40,0,15,0,-0.76959,-0.8536,-0.72191,-0.80824,-0.51047,0.28342,-0.80305,0.14899,-0.7191,-1.28582,0.57026,-1.20762,-0.91825,0.74468,-0.47857,-0.23945,-0.72719,4,0,1,1,1,0,4,0,0,0,0,0,0,0,0,0,1,3,0,0,0,0,0,0,2,5,20,20,6,4,0,0,0,2,2,2,1,3,6,6,10,2,2
"247",3010,1,1,1,90,0,16,5,-0.88424,1.21125,-0.60395,-0.00229,-1.10608,-1.54752,0.57188,0.43686,-0.66509,0.56078,2.68136,-0.23964,-0.67596,0.12689,0.87908,0.79576,-0.72721,2,1,0,1,0,2,2,2,2,2,1,0,0,1,1,0,1,8,0,0,0,1,0,0,2,12,45,45,4,3,0,1,0,2,1,1,1,1,6,5,24,2,1
"248",3011,1,1,1,100,80,18,5,-0.63163,-0.92997,-0.78201,-0.87578,0.66226,-1.13645,-0.43477,0.26316,-0.82637,-1.84564,-0.98704,0.7736,0.49389,-1.11337,-0.30933,-0.52042,1.67854,4,0,1,1,0,0,4,0,0,0,0,0,0,0,0,1,1,7,0,0,0,0,0,1,1,15,60,40,4,1,0,0,0,2,1,0,1,0,6,5,30,1,2
"249",3012,1,1.5,1.5,120,80,30,0,1.28571,-0.49761,-0.63345,-0.17406,0.60244,-0.58666,-0.52649,0.9509,0.61782,-0.26021,-0.76853,0.07221,-0.86028,-0.9925,-0.195,0.56516,0.1804,1,1,1,1,0,1,1,1,1,1,1,1,0,1,0,1,1,3,0,0,0,1,0,1,3,30,60,60,4,3,0,1,0,1,2,0,1,1,3,4,60,1,1
"250",3013,1,0.8,0.8,90,0,40,0,1.19669,-1.32897,-0.54885,1.47595,1.25023,1.47494,0.52326,-0.23537,0.0923,0.70513,1.33819,1.24411,0.23233,-1.36616,-1.0294,2.46368,2.20395,0,1,1,1,0,0,0,0,0,0,1,0,1,1,0,0,0,4,0,0,0,0,0,0,3,30,45,45,4,6,0,1,1,1,3,1,1,3,4,2,60,2,5
"251",3014,1,1,1,95,80,18.9,10,-0.53332,0.65881,-0.40987,-0.04186,-1.20031,-1.6144,0.20108,1.07809,-0.01632,0.14697,0.19978,0.32711,0.2468,0.43455,0.37383,0.8522,0.39933,0,1,1,1,0,0,0,0,0,0,1,0,1,1,0,0,1,6,0,0,0,1,0,0,2,15,45,50,4,4,0,1,1,2,0,2,1,1,6,6,30,2,1
"252",3015,1,1,3,125,80,38.4,0,-0.02116,-0.82406,-0.78903,-0.87803,-1.36779,-0.65129,-0.93433,-0.1554,-1.24294,0.85066,-0.37574,0.56795,-0.02286,0.3757,-0.54708,-0.56944,0.48169,4,0,1,1,0,4,4,4,4,4,0,0,1,1,0,0,1,4,0,0,0,0,0,0,3,40,60,65,4,4,1,0,0,2,1,0,1,2,6,4,80,2,2
"253",3016,1,0.7,2,65,80,9.2,0,0.37796,1.49815,2.88635,0.72976,-0.81893,-1.04541,-0.51405,1.23303,0.57509,-0.01953,-0.84463,0.33364,0.16986,0.26504,-0.40583,0.37424,-0.59901,4,0,1,1,0,0,4,0,0,0,1,0,1,1,0,0,1,5,0,0,0,0,0,0,2,5,30,35,5,6,0,2,1,2,1,0,1,2,6,4,10,2,2
"254",3017,1,1,1,105,80,16,0,-0.50883,1.46783,-0.53533,1.84573,1.00712,0.20676,0.37144,0.55773,0.9274,0.41011,0.30894,0.43456,0.07423,-1.05995,-0.09366,-0.57918,0.11625,3,0,0,1,0,3,3,3,3,2,0,0,0,0,1,1,1,3,0,0,0,0,0,0,1,14,52.5,52.5,4,1,0,0,0,2,1,0,1,0,4,4,28,1,2
"255",3018,1,1,1,160,80,23.2,0,-0.60495,-0.87401,-0.37176,-0.85556,-0.94256,-1.75501,-0.5923,-1.40913,0.09617,0.77725,0.92114,0.01886,0.04871,0.61168,-0.14932,-0.52057,0.89012,3,0,0,1,0,3,3,3,3,3,0,0,0,0,0,0,1,2,0,0,0,0,0,0,1,31,80,80,2,1,0,0,0,2,1,0,1,0,4,3,62,2,2
"256",3019,1,1,2,150,80,24,13,-0.31044,1.39395,-0.18821,0.11612,0.36909,-0.55942,-1.01393,0.31909,-1.31393,0.9414,-0.62366,0.17611,-0.36906,-1.92939,0.07442,-0.38978,-0.43227,3,0,1,1,0,2,3,2,2,2,1,0,0,1,0,0,1,6,0,0,0,1,0,1,2,30,75,75,4,4,0,2,0,2,1,0,1,1,6,5,60,2,1
"257",3020,1,0.7,0.7,165,80,25.4,15,0.07724,1.3849,1.70129,0.47793,0.66684,0.43782,0.61422,0.61757,1.47804,0.81351,-0.42831,0.59605,-0.04656,0.12597,0.03169,-0.37135,1.14069,3,0,0,1,0,1,3,2,1,2,0,0,0,0,1,1,1,7,0,0,0,0,0,0,2,35,75,90,4,3,0,0,0,2,2,1,1,2,6,6,70,1,2
"258",3021,1,1,2,140,80,21.4,0,0.37795,1.29578,0.50311,0.47597,0.93294,0.71368,0.00242,-0.2418,0.5188,0.94442,-0.51447,1.39356,0.18939,-0.17967,0.18514,0.46412,0.83617,2,0,0,1,0,0,2,3,0,3,1,0,0,1,0,0,1,4,0,0,0,1,0,0,2,25,70,70,5,4,0,2,0,2,1,0,1,1,5,5,50,2,2
"259",3022,1,1.5,1.5,160,80,24,10,0.54238,-0.81908,-0.00401,-0.96571,-0.55347,-0.71345,-0.83023,0.65429,-1.28538,1.03432,-1.32847,0.02483,0.2731,-0.20508,1.26144,-0.44476,-0.35988,3,0,0,1,0,3,2,3,3,3,1,0,0,1,1,0,1,8,0,0,0,0,0,0,3,32,80,80,4,5,0,3,0,2,1,1,1,1,6,4,64,2,2
"260",3023,1,1,1,105,80,34.3,10,-0.79869,0.5651,0.03693,-0.18653,-0.43821,-0.36684,-0.71281,1.02176,-0.64911,-0.99273,1.81119,0.48637,0.07726,-0.43486,0.0583,-0.46513,-1.22028,4,1,1,1,0,0,4,1,0,1,0,0,0,0,1,0,1,5,0,0,0,0,0,1,1,30,45,60,4,1,0,0,0,2,1,0,1,0,4,3,60,2,2
"261",3024,1,2,1,105,0,28.6,8,0.20685,1.26287,-0.64317,1.40446,0.40806,-0.61685,0.57585,-0.8471,0.3898,-0.03161,1.3275,0.88728,0.24513,-1.08749,0.08216,0.04767,0.61584,3,0,1,1,0,3,3,3,3,2,0,0,0,0,0,1,1,6,0,0,1,1,0,0,2,25,45,60,2,2,0,0,0,2,2,0,1,0,3,5,50,1,2
"262",3025,1,0.5,1,60,80,2,30,-0.21404,0.02545,-0.42709,0.12488,-0.6606,-0.87904,1.74218,1.68752,0.76943,0.05291,-1.27948,-0.16075,-0.0934,-1.15183,0.09225,0.63324,1.61144,0,1,1,1,0,0,0,0,0,0,1,1,1,1,0,1,0,10,0,0,0,1,0,0,1,1,30,30,4,4,0,1,1,2,0,1,1,1,4,6,2,1,1
"263",3026,1,1,0.5,110,80,6.5,0,0.15793,-0.82263,-0.67092,-0.82924,0.26898,0.02766,-0.59211,-0.40255,-0.21687,-0.04416,-0.37739,0.54776,-0.06842,0.55383,-0.68026,-0.07916,0.49994,3,0,0,1,0,0,3,3,0,3,0,0,0,0,1,0,1,6,0,0,0,0,0,0,1,6,50,60,5,2,0,0,0,2,2,0,1,0,6,4,12,2,2
"264",3027,1,1,1,180,80,30,15,0.21408,1.48869,-0.05238,1.41624,0.65532,-0.5943,-0.94151,-0.29753,0.32938,0.43395,-1.30408,1.46238,-1.12689,-1.199,-0.88546,-0.81106,1.51835,4,0,0,1,0,4,4,4,4,3,1,1,1,1,0,1,1,4,0,0,0,0,0,1,2,45,90,90,3,6,1,3,0,1,2,0,1,1,4,6,90,1,2
"265",3028,1,1,1.5,130,80,36.9,0,-0.04885,1.26618,-0.16064,0.41668,0.89126,0.19289,-0.82575,0.29734,-0.91108,-0.78925,-0.16105,0.1349,-0.04688,-0.18601,-0.03159,0.07517,-0.58211,3,0,0,1,0,3,3,3,3,3,1,0,0,1,1,0,1,5,0,0,0,1,0,0,3,40,65,65,4,5,0,2,0,2,2,0,1,2,3,4,80,2,1
"266",3029,1,1,2,90,80,20,40,0.20784,1.40199,0.29799,0.98057,0.4748,0.17306,0.35328,-0.03665,1.58668,0.96865,0.48583,-0.0456,0.39553,0.5666,0.13299,0.23435,0.37043,3,1,0,1,5,0,3,3,0,3,1,0,0,1,0,0,1,7,0,0,0,1,0,0,2,15,45,45,4,5,0,3,0,2,1,0,1,1,6,4,30,2,2
"267",3030,1,1,1.5,170,80,43.8,0,1.99663,1.40591,-0.79654,-0.58372,0.58823,-1.04412,-0.8153,-1.73111,-0.92957,0.47339,-1.50122,1.03592,0.82387,0.82023,-0.50669,1.02874,0.27275,4,0,1,1,0,0,4,0,0,0,1,1,0,1,0,1,1,6,0,0,0,0,0,0,3,62,85,85,4,3,0,1,0,2,2,0,1,2,3,5,124,1,2
"268",3031,1,1,1,65,80,38.8,5,-0.90472,-0.83077,-0.16058,-0.84127,0.30421,-0.00901,-0.85463,-0.19107,-1.39593,-0.24918,-0.2303,0.78216,0.22905,-0.37712,-1.09775,-0.25031,0.44838,3,1,0,1,0,0,3,3,0,3,0,0,0,0,0,1,1,7,0,0,0,0,0,0,2,21,30,35,6,2,0,0,0,2,2,0,1,1,6,3,42,1,2
"269",3032,1,0.7,0.7,75,80,36.8,0,-0.53786,1.42817,0.24527,1.23838,0.3987,0.0913,-0.07794,0.35309,-0.44566,-0.84048,0.37298,-0.34872,0.03807,0.63958,-0.82492,-0.60423,-0.86019,3,0,1,1,2,0,3,0,0,0,0,0,0,0,0,0,1,6,0,0,1,0,0,0,2,23,35,40,5,3,0,0,0,2,1,2,1,2,5,6,46,2,2
"270",3033,1,1,1,75,80,16,0,0.12059,1.24966,-0.32494,-0.58272,1.01424,1.84896,-0.94097,0.4632,0.30189,1.34293,0.87019,0.6338,0.45195,-1.34042,0.11104,0.30258,-0.23986,2,1,1,1,4,1,2,1,1,1,0,0,0,0,0,1,1,3,0,0,1,1,0,1,1,10,35,40,4,1,0,0,0,2,1,0,1,0,5,3,20,1,2
"271",3034,1,1,1,100,80,19.2,0,-0.85422,-0.12421,0.44848,-0.31043,1.03744,1.2455,-0.8108,-0.81328,-0.48869,-0.71526,0.26958,0.43274,0.31665,-0.14302,-1.04422,0.80856,-0.35949,2,0,0,1,0,0,2,2,0,2,0,0,0,0,0,1,1,6,0,0,0,0,0,0,1,16,50,50,4,1,0,0,0,2,1,0,1,0,5,4,32,1,2
"272",3035,1,1,1,105,80,22.9,0,-0.71851,-0.82959,-0.13844,-0.86541,-0.57228,-0.40962,0.77357,0.65709,0.08413,0.24131,0.03838,-0.44875,-0.53385,-0.89149,1.19268,-0.21575,0.20758,2,1,0,1,0,2,2,2,2,2,0,0,0,0,0,0,1,4,0,0,0,1,0,0,2,20,50,55,3,2,0,0,0,2,2,0,1,1,6,6,40,2,2
"273",3036,1,3,1.5,85,80,56.5,80,1.26115,1.56482,1.78032,1.85633,1.1792,1.16071,1.12805,0.89744,1.42068,0.16023,1.41839,0.58645,0.33687,-0.37607,-0.02462,-0.715,0.7551,3,0,0,1,1,3,3,3,3,3,1,1,0,1,1,1,1,6,0,0,0,0,0,0,3,40,40,45,3,5,0,2,0,2,2,0,1,0,4,3,80,1,2
"274",3037,1,1,1,180,80,23.3,0,0.30256,0.70778,0.45643,-0.62628,0.95797,1.58504,-1.03964,-0.47657,-0.02813,0.71603,0.61084,1.05881,-0.05985,-1.3282,0.16477,0.64639,-0.59551,3,0,1,1,0,0,3,0,0,0,0,0,1,1,0,1,1,5,0,0,0,0,0,1,2,35,90,90,4,3,0,0,1,2,2,0,1,1,3,6,70,1,2
"275",3038,1,0.3,1,180,80,28.7,0,-0.28198,1.38811,0.69201,1.61848,-1.55159,-0.83109,1.33273,1.05085,1.14112,0.40659,-1.51724,-0.30958,0.58978,0.93505,0.79824,0.73317,-0.4828,2,0,0,1,0,2,2,2,2,2,0,0,1,1,0,0,1,10,0,1,0,1,0,0,2,43,90,90,6,6,0,0,1,2,1,1,1,5,4,4,86,2,1
"276",3039,1,2.5,2.5,180,80,22,0,-0.58028,-0.8877,-0.82039,-0.83331,-0.12735,-0.71363,-0.40314,0.37724,-1.12316,-0.74349,-0.86447,0.02009,0.29975,0.92948,-0.55149,-1.26575,0.76753,4,0,0,1,0,0,4,2,0,2,0,0,0,0,1,0,1,5,0,0,0,0,0,0,5,33,90,90,5,2,0,0,0,2,2,0,1,1,4,5,66,2,2
"277",3040,1,1,2,180,80,12.7,0,1.01467,1.50599,-0.5118,1.886,0.9468,1.39729,-0.59958,-0.97669,0.09383,-0.84302,1.12549,1.77805,0.06489,-1.66806,-1.38788,-0.16652,1.50173,5,0,0,1,0,3,5,3,3,3,0,0,1,1,0,0,1,5,0,0,0,0,0,0,2,19,90,90,4,3,0,0,1,2,1,0,1,1,6,4,38,2,2
"278",3041,1,0.3,0.5,150,80,28,0,-0.92174,0.52685,0.71643,-0.8016,0.56147,-0.51642,0.60502,0.38343,-0.88956,0.24267,-1.4045,0.07513,-0.15609,-0.8847,0.78563,-0.28619,-0.38792,2,0,1,1,0,2,2,2,2,2,0,0,0,0,0,1,1,4,0,0,1,1,0,1,1,35,80,70,4,3,0,0,0,2,1,1,1,2,4,3,70,1,2
"279",3042,1,1,1,150,80,32,2,-0.50332,-0.77473,0.46203,1.52282,-0.79446,-0.38526,1.15385,-0.36359,-0.06128,-0.1349,-0.6711,-0.51364,0.08863,-0.21086,-0.16517,-0.25631,-1.19244,3,0,1,1,0,3,3,3,3,3,0,0,0,0,0,0,1,5,0,0,1,0,0,1,2,40,75,75,4,2,0,0,0,2,2,0,1,1,5,4,80,2,2
"280",3043,1,1,3,110,80,32.7,0,1.02866,0.74323,-0.71929,0.42111,0.20098,-0.37831,-0.81451,0.42136,0.2998,0.81144,-1.04191,0.39334,0.09562,0.55674,-0.11777,-0.83722,-0.25528,3,0,0,1,0,3,3,3,3,3,0,0,0,0,1,0,1,7,0,0,0,1,0,0,3,30,50,60,4,3,0,0,0,2,1,0,1,2,6,4,60,2,1
"281",3044,1,1,1,40,80,7.5,0,-0.98624,-0.77163,-0.45237,0.7965,0.12407,0.52435,0.64876,0.749,0.38528,0.20548,-0.38986,0.16876,0.5258,0.14406,0.27222,0.10724,0.54016,2,0,0,1,5,0,2,2,0,2,0,0,0,0,1,1,1,2,0,0,0,0,0,0,1,2.5,20,20,2,1,0,0,0,2,1,0,1,0,6,3,5,1,2
"282",3045,1,0.5,1,40,80,9,0,-0.44126,-0.81333,-0.50912,-0.7045,0.87407,0.92754,0.06665,-1.67256,-0.67355,-1.12492,-0.44051,0.6928,-0.90531,-1.1821,0.57893,0.57723,-0.66414,5,0,1,1,4,0,5,0,0,0,1,0,0,1,0,0,1,4,0,0,1,0,0,1,1,3,20,20,6,3,0,1,0,2,1,0,1,1,6,4,6,2,2
"283",3046,1,1,1,120,80,40,0,-0.93836,-0.73915,-0.56703,0.09155,1.00962,-0.04774,0.23106,0.52317,1.47014,-0.0997,0.56049,1.15927,-0.31278,-0.87004,0.25232,1.00835,1.4179,3,0,1,1,0,0,3,0,0,0,0,0,0,0,0,0,1,5,0,0,0,1,0,0,3,40,60,60,5,3,0,0,0,2,2,1,1,2,6,5,80,2,1
"284",3047,1,1.5,1.5,75,80,6.4,0,-0.78611,-0.48384,-0.62712,-0.1906,-0.67334,-1.02196,-0.85113,-1.132,-0.06271,-1.80015,0.97356,0.30142,0.98273,-0.8417,1.35446,2.65731,0.36073,0,1,1,1,0,0,0,0,0,0,0,0,0,0,0,0,0,9,0,0,0,1,0,1,3,4,35,40,6,2,0,0,0,2,2,0,1,1,5,4,8,2,2
"285",3048,1,1,1,132,80,13.6,0,-0.63858,-0.82361,0.03915,-0.88138,-1.61833,-0.87488,1.35727,0.55496,0.44887,1.28916,-1.27608,-0.39791,1.3384,0.93595,1.99012,0.16241,-1.05171,4,0,0,1,0,3,4,3,3,3,0,0,0,0,0,0,1,5,0,0,1,0,0,0,2,15,62,70,2,2,0,0,0,2,2,0,1,1,6,4,30,2,2
"286",3049,1,1,1,120,80,19,20,0.07636,1.34846,0.63369,1.69911,0.57427,1.28846,0.04107,0.43017,-1.05052,1.14446,-0.32683,0.46673,0.42674,-1.59246,0.53655,0.05986,-0.96116,2,1,1,1,0,1,2,1,1,1,0,0,0,0,0,1,1,7,0,0,0,1,0,0,2,19,60,60,4,2,0,0,0,2,1,1,1,1,6,6,38,1,1
"287",3051,1,1,1,120,80,35,8,0.85491,-0.75026,-0.60917,-0.8426,0.28399,-0.35595,0.20823,1.25623,0.51424,1.22364,-0.67189,1.22037,0.53601,-1.02667,-0.1673,0.02385,0.29887,3,0,1,1,0,3,3,3,3,2,1,1,0,1,0,1,1,6,0,0,0,0,0,0,1,35,60,60,4,3,0,2,0,2,1,0,1,0,6,4,70,1,2
"288",3052,1,1,1,150,80,28,0,-0.42762,-0.95551,-0.60371,-0.73305,-0.13824,0.05811,0.75829,0.21824,0.56067,0.29759,1.31215,0.37635,0.51222,-1.01414,0.36253,0.65135,-0.28468,2,1,0,1,0,2,1,2,2,2,0,0,0,0,0,0,1,4,0,0,0,1,0,0,2,35,70,80,5,2,0,0,0,2,2,0,1,1,5,5,70,2,1
"289",3053,1,0,0,120,80,3,10,-0.4731,1.42172,-0.62723,0.43221,-0.58871,-0.84523,-0.5794,0.4051,0.91907,0.08976,-0.82115,0.82531,-0.17289,-0.14748,-0.00214,1.04985,-0.48263,3,0,1,0,0,3,3,3,3,3,1,1,0,1,0,1,1,4,0,0,0,0,0,1,0,3,60,60,3,3,0,1,0,2,1,1,2,1,3,3,6,1,2
"290",3054,1,1,1,140,80,21.4,0,0.01263,-0.85677,-0.70653,-1.44558,1.42242,1.36454,-0.89327,-0.20046,-0.34803,0.99176,-1.48949,1.40438,0.83884,-0.22352,-1.16697,-0.66706,0.222,3,0,1,1,0,0,3,0,0,0,0,0,0,0,0,0,1,6,0,0,0,1,0,0,4,25,60,80,5,4,0,0,0,2,2,2,1,3,5,5,50,2,2
"291",3055,1,1,2,150,80,24,0,-0.96762,-0.78981,-0.73631,-0.76187,1.03728,-0.13974,-0.77745,-0.40706,-1.26638,0.20555,-0.32026,0.1484,-0.70725,-0.2517,0.25715,-0.23106,0.07364,2,1,1,1,0,2,2,2,2,2,0,0,0,0,1,0,1,7,0,0,0,1,0,1,2,30,75,75,5,2,0,0,0,2,1,0,1,1,4,4,60,2,1
"292",3056,1,0.5,0.5,30,0,20,0,-0.71239,-0.89091,-0.85931,-0.95245,-2.09446,-1.73836,-0.82372,-1.53647,-1.43957,-1.81139,0.13212,0.3158,-0.91503,0.35488,0.13425,0.44454,0.14841,0,1,1,1,0,0,0,0,0,0,0,0,0,0,0,1,0,0,0,0,0,0,1,0,1,5,15,15,4,2,0,0,0,2,2,0,1,1,2,2,10,1,5
"293",3057,1,1,1,30,0,20,10,0.07042,-0.69037,-0.83376,0.88264,0.19481,-0.9425,-0.61592,-0.33048,-0.33317,0.31193,-0.37832,0.44252,0.83956,0.06243,-0.35748,-0.23083,0.49306,3,0,1,1,0,2,3,2,2,2,1,1,0,1,0,1,1,5,0,0,0,0,0,1,2,5,15,15,3,2,0,1,0,2,2,0,1,1,6,5,10,1,2
"294",3058,1,1,1,90,0,13.3,0,-0.73056,0.58458,-0.80693,0.51822,-0.83191,-1.35482,-0.80854,-1.00803,-0.73641,-1.56033,-0.04136,0.30854,0.15949,-0.26237,-1.04745,0.01603,0.32849,3,0,1,1,1,3,3,3,3,3,1,0,1,1,0,0,1,2,0,0,0,0,0,0,2,10,45,45,4,4,0,1,1,2,2,0,1,1,5,4,20,2,2
"295",3059,1,0.5,0.5,50,80,4.8,0,-1.0603,0.65298,-0.49402,1.68738,0.54096,0.1352,0.35045,1.04205,0.15085,0.46349,-0.42411,0.2516,-0.74696,0.55853,0.32657,-0.27788,-0.00584,3,1,0,1,3,3,2,3,3,3,0,0,0,0,1,0,1,3,0,0,0,1,0,0,1,2,25,25,3,2,0,0,0,2,2,0,1,1,4,4,4,2,1
"296",3060,1,1,1,80,80,19.5,0,1.53544,-1.28334,-0.74605,-0.7543,-0.12369,0.17759,0.46721,0.59686,-0.34344,0.71055,-1.03437,0.21258,-2.32053,-2.28544,2.65477,0.62416,0.45562,3,0,0,1,3,0,3,3,0,3,1,0,1,1,1,0,1,7,0,0,0,0,0,0,1,13,40,40,3,4,0,2,1,2,1,0,1,0,6,5,26,2,4
"297",3061,1,0.7,1,100,80,15.6,0,-0.30152,-0.87946,-0.1817,-0.86113,0.10492,-0.41732,0.42092,1.49077,-0.59685,0.23603,-0.17909,-0.36128,0.42901,-0.74542,0.95279,0.61187,-0.51156,3,1,1,1,0,3,3,3,3,3,1,0,0,1,1,0,1,5,0,0,0,1,0,0,2,13,50,50,4,4,0,1,0,2,1,1,1,2,6,4,26,2,1
"298",3062,1,1,1,120,80,20,0,-0.90764,-1.59622,0.13749,-0.93841,-0.94515,-0.65589,-0.1755,0.57575,-0.37522,0.15821,1.33885,-0.10254,-0.59489,0.5194,0.34624,0.73156,0.07391,3,1,1,1,0,0,3,0,0,0,0,0,0,0,0,0,1,2,0,0,0,0,0,0,2,20,60,60,3,2,0,0,0,2,2,0,1,1,5,6,40,2,2
"299",3063,1,1,2,72.5,80,36.4,15,-0.76223,-0.87129,-0.68758,-0.96447,-0.89361,-1.42445,-0.8666,1.61424,0.17729,-0.01269,-0.48781,-1.63005,0.36339,1.57913,-0.87899,0.51026,0.31995,2,1,0,1,0,2,1,2,2,2,0,0,0,0,0,0,0,7,0,0,0,1,0,0,2,22,32.5,40,6,2,0,0,0,2,1,0,1,1,4,5,44,2,1
"300",3064,1,1,2,198,80,60,10,0.11588,1.28041,-0.20963,0.92794,0.64205,-0.48706,-0.77882,0.45815,0.20111,1.04029,0.04416,0.80644,0.15528,0.25367,-1.14458,-0.0632,-0.10945,3,0,0,1,0,2,3,2,2,2,0,0,0,0,1,0,1,6,0,0,1,1,0,0,2,99,99,99,6,2,0,0,0,2,1,0,1,1,4,5,198,2,1
"301",3065,1,1,1,150,80,36,10,1.25123,-0.00466,0.02078,-0.24199,0.39429,-0.90279,-0.33415,0.49996,0.39274,0.8834,-0.47245,1.53957,-0.04277,-0.67625,-0.54303,-0.85315,1.77602,4,0,0,1,0,4,3,4,4,3,0,0,0,0,0,0,1,7,0,0,0,0,0,0,2,45,75,75,3,2,0,0,0,2,2,0,1,1,6,5,90,2,2
"302",3066,1,1,1,40,80,39,10,-0.00495,-0.78066,-0.78387,-0.84148,-0.17946,-1.39188,-0.66912,0.90638,-0.16791,0.4581,1.35943,0.32525,0.9906,0.37375,0.23112,-0.3118,0.25399,4,0,0,1,0,2,4,2,2,2,0,0,1,1,1,1,1,6,0,0,0,0,0,0,1,13,20,20,3,2,1,0,0,2,1,0,1,0,6,5,26,1,2
"303",3067,1,1,1,130,80,36.9,10,-1.04204,-0.68187,-0.42266,-0.74483,0.59206,-0.72657,-0.66336,0.46279,-0.9516,-2.33083,0.85777,0.35097,-5.1324,1.05718,-0.992,-2.31978,-2.55353,4,0,0,1,0,4,3,4,4,3,0,0,0,0,1,0,1,4,0,0,0,0,0,0,2,40,60,70,5,2,0,0,0,2,1,1,1,1,6,4,80,2,2
"304",3068,1,1,2,90,80,20,0,-0.91792,-0.40811,-0.61151,-0.81046,-0.3111,-0.7231,-0.10492,0.57708,0.4192,0.30672,-0.39248,0.51499,0.31952,-0.9363,0.78544,0.90191,1.44176,2,1,1,1,2,1,2,1,1,1,0,0,0,0,0,0,1,7,0,0,1,1,0,1,2,15,45,45,6,2,0,0,0,2,0,1,1,1,4,4,30,2,2
"305",3069,1,1,1,80,80,40.5,20,-0.55213,-0.83833,-0.65202,-0.80469,0.59387,-0.20457,-0.80087,-0.07909,-0.7284,-0.01311,-0.59405,0.03889,-0.24647,-0.63702,0.09549,0.04879,0.15716,1,1,1,1,0,0,1,0,0,0,1,0,0,1,0,0,0,6,0,0,0,1,0,0,2,27,40,40,4,3,0,1,0,2,2,0,1,1,6,6,54,2,1
"306",3070,1,1,1,120,80,13,0,-0.43981,-0.82378,-0.78804,-0.80638,0.20189,-0.40569,-0.93885,-1.53671,-1.36045,0.81411,0.17613,0.73576,-0.60902,-1.42673,0.35016,-1.2746,-1.32789,4,0,0,1,0,3,4,3,3,3,0,0,0,0,1,0,1,7,0,0,0,1,0,0,2,13,60,60,5,2,0,0,0,2,1,1,1,1,6,3,26,2,2
"307",3071,1,1,1,50,80,28.8,0,-0.97932,0.56282,-0.60895,-0.40209,0.42224,0.35143,-0.28718,-0.46837,-1.16075,-0.46138,0.47071,-0.37377,0.98468,0.69496,-1.20367,-0.70932,-0.31758,2,0,0,1,0,0,2,2,0,2,0,0,0,0,1,1,1,6,0,0,0,1,0,0,1,12,25,25,3,1,0,0,0,2,1,0,1,0,6,5,24,1,2
"308",3072,1,1,1,35,80,13.7,0,-0.88089,-0.77832,-0.56151,0.20403,-0.4566,-0.42855,0.02095,0.12817,0.22821,-0.42719,-0.11618,-0.36036,-0.89801,-0.65726,0.71486,-0.22885,0.07104,2,0,0,1,0,2,2,2,2,2,0,0,0,0,1,0,1,7,0,0,0,1,0,0,2,4,15,20,4,2,0,0,0,2,2,0,1,1,3,6,8,2,1
"309",3073,1,1.5,1.5,97.5,80,18.5,0,0.30778,-0.06161,0.56062,0.06142,0.23804,-0.06219,0.42918,0.06343,-0.18314,0.01584,0.64204,0.12606,-0.53883,0.21054,0.64835,0.50095,0.32972,3,0,1,1,2,0,3,0,0,0,0,0,0,0,0,1,1,6,0,0,0,0,0,0,3,15,45,52.5,5,2,0,0,0,2,2,0,1,1,4,6,30,1,2
"310",3074,1,0,0,75,80,17.6,50,-0.7288,-0.79897,-0.32494,0.21741,1.21772,1.26365,0.04388,-0.11313,1.51476,0.23327,0.40659,1.04311,0.44341,-0.64162,0.54896,0.66707,-0.14516,0,1,1,1,0,0,0,0,0,0,0,0,0,0,0,0,0,5,0,0,0,1,0,1,0,11,30,45,3,1,0,0,0,2,1,0,1,0,5,3,22,2,1
"311",3075,1,1,1,65,80,31.4,5,-0.82358,0.58189,0.51179,-0.70362,-0.33974,-0.17781,0.94504,0.61557,0.62346,0.37683,1.21553,0.72177,0.23255,-1.21565,0.55989,0.74324,0.98748,3,0,1,1,3,1,3,1,1,0,0,0,0,0,0,0,1,7,0,0,0,0,0,0,1,17,30,35,4,1,0,0,0,2,1,0,1,0,6,5,34,2,2
"312",3076,1,0.5,0.5,165,80,18.2,40,0.29464,1.48145,2.76035,1.7637,0.16462,0.86943,0.03389,0.1012,0.58979,-0.06426,-0.27485,0.14573,-0.6486,-1.79849,-1.14864,-0.20617,1.01023,3,0,0,1,0,2,3,2,2,2,0,0,0,0,1,1,1,7,0,0,0,0,0,0,1,25,75,90,3,2,0,0,0,2,2,0,1,1,4,4,50,1,2
"313",3077,1,1,1,80,80,18,2,0.43126,-1.05413,-0.19688,0.29801,-0.37845,-1.09203,1.37375,-0.14026,0.89201,-0.99565,1.2047,-0.06039,-1.54168,-0.91479,2.07818,0.23759,0.21707,3,0,0,1,4,2,3,2,2,2,0,0,1,1,0,0,1,7,0,0,1,0,0,0,2,12,40,40,3,3,1,0,0,2,2,0,1,1,5,4,24,2,2
"314",3078,1,1,1,160,80,30,5,1.08374,-1.37236,-0.17252,1.55203,-0.18662,-0.34599,0.49118,-0.6605,-0.70782,-0.00302,-1.25643,1.32814,-0.7149,-0.94092,-0.75379,-0.22038,0.46505,4,0,0,1,0,3,4,3,3,3,1,0,1,1,0,0,1,6,0,0,0,0,1,0,2,40,75,85,4,4,0,1,1,2,1,1,1,1,6,4,80,2,2
"315",3079,1,1,2,110,80,27.3,6,0.1013,1.43821,0.35256,0.41085,0.81533,-0.31828,-0.82518,0.30602,-1.14695,0.75555,-0.03587,0.08135,0.14059,0.74349,0.07986,-0.84534,-0.27172,1,1,0,1,0,1,1,1,1,1,1,0,1,1,0,0,1,7,0,0,0,1,0,0,2,25,55,55,5,4,0,1,1,2,1,0,1,1,4,5,50,2,1
"316",3080,1,1,1,120,80,20,15,0.62578,-0.83283,-0.72378,-0.82245,0.36408,0.67129,-0.71813,0.29052,-1.28176,1.2571,-1.0399,0.91526,0.65118,-0.77848,-0.79813,0.61635,-0.34158,0,1,1,1,0,0,0,0,0,0,0,0,0,0,0,1,0,8,0,0,0,0,0,0,1,20,60,60,3,1,0,0,0,2,1,0,1,0,6,4,40,1,2
"317",3081,1,1,1,85,64,18.4,0,-0.02437,-0.81174,-0.60175,-0.8027,0.86383,0.52647,-0.6702,0.4044,-1.31036,0.95351,-1.03682,-0.06526,-0.60945,-1.97586,-0.38561,0.56308,-0.63469,3,0,1,1,3,0,3,0,0,0,1,1,1,1,0,1,1,6,0,0,0,0,0,0,2,13,40,45,4,4,0,1,1,2,2,0,1,1,6,6,26,1,2
"318",3082,1,1,1,25,80,19.2,10,-0.07551,-0.85873,-0.25562,0.04864,-1.72207,-1.21736,2.25565,0.55002,0.63159,0.42904,-1.21431,0.05062,0.75801,0.29412,1.01634,0.06406,0.18236,3,0,0,1,6,3,2,3,3,3,0,0,0,0,0,1,1,2,0,0,0,0,0,0,2,4,10,15,3,2,0,0,0,2,2,0,1,1,4,6,8,1,2
"319",3083,1,1,1,100,80,16.8,0,0.476,-0.77595,-0.05156,-0.76747,-0.09931,-0.29569,0.71017,-0.0212,0.36212,-0.82655,-0.70911,0.07782,-0.97964,-1.39648,1.05549,0.32222,-0.0923,2,0,0,1,0,2,2,2,2,2,1,0,0,1,1,0,1,4,0,0,0,0,0,0,1,14,50,50,4,2,0,1,0,2,1,0,1,0,4,3,28,2,2
"320",3084,1,0.5,1,110,80,19.6,0,-0.48892,-0.94565,0.63973,-0.16781,-1.25654,-0.96913,2.08269,-0.6116,-1.01623,0.25671,-0.15681,-0.05555,1.1198,1.29774,-0.85039,-0.86157,-0.13419,0,1,1,1,0,0,0,0,0,0,0,0,0,0,0,1,0,4,0,0,0,0,0,0,1,18,55,55,4,2,0,0,0,2,1,0,1,1,3,3,36,1,2
"321",3085,1,1,1,70,80,17.1,0,0.07865,-0.0754,-0.13045,-0.03971,-0.50141,-0.81024,0.13513,0.39839,-0.32716,0.19516,0.67257,0.86972,-0.6762,-1.07595,0.21178,0.26701,1.12135,3,0,0,1,4,3,3,3,3,3,1,0,0,1,0,0,1,4,0,0,1,1,0,0,1,10,30,40,4,4,0,2,0,2,1,0,1,0,4,3,20,2,5
"322",3086,1,0.7,0.7,60,80,25,0,0.08009,-0.08418,0.17937,-0.81142,-0.33952,0.10304,-0.40274,0.57575,-0.14841,-0.22366,0.03268,-0.79232,-0.82813,0.62964,0.96702,-0.72869,0.30073,3,0,1,1,0,0,3,2,0,2,1,0,0,1,0,0,1,2,0,0,0,0,0,1,2,12.5,30,30,3,4,0,1,0,2,3,0,1,2,6,5,25,2,2
"323",3087,1,0.7,1,130,80,13.8,0,-0.79691,1.04796,-0.24499,-0.06819,-0.53976,-0.73921,-0.56197,0.52175,-1.48895,-0.56188,-0.00683,-1.28369,0.0125,0.68206,0.63606,0.24983,-0.64247,3,0,0,1,0,3,3,3,3,3,1,0,0,1,1,0,1,5,0,0,0,1,0,0,2,15,65,65,5,6,0,3,0,2,1,1,1,2,6,5,30,2,1
"324",3088,1,1,1,120,80,25,0,-0.23449,1.43747,0.52507,1.65886,-0.54321,-0.72767,0.04135,1.69578,1.33429,0.0642,-0.86931,-0.2324,-0.04362,0.73425,-0.53547,-0.12307,0.42648,3,0,0,1,0,3,3,3,3,3,0,0,0,0,0,0,1,2,0,0,1,0,0,0,1,25,60,60,4,1,0,0,0,2,1,0,1,0,6,3,50,2,2
"325",3089,1,1,1,90,80,20,0,-0.62091,0.39127,-0.58946,0.16168,0.552,1.35363,0.32541,0.87966,0.28377,0.87173,1.27507,0.47549,-0.50383,-0.53834,2.40247,0.50294,-0.03289,3,0,1,1,2,2,3,2,2,2,0,0,0,0,0,0,1,4,0,0,0,0,0,1,1,15,45,45,2,1,0,0,0,2,1,0,1,0,4,2,30,2,2
"326",3090,1,0,0,85,80,0,0,-0.81559,1.31412,-0.68774,1.92793,1.1299,1.51771,-0.9939,-1.03607,0.48084,-0.83075,0.61899,0.2846,-0.39066,-0.31088,-0.96963,0.23892,0.86463,0,1,1,1,5,0,0,0,0,0,0,0,0,0,0,1,1,7,0,1,1,0,1,0,0,0,25,60,4,1,-1,-1,-1,2,1,0,1,0,4,2,0,1,2
